script,experiment,samples,time_sec,mem_current_mb,mem_peak_mb
ml.py,load_football_EPL,20,0.034583899978,0.258678,0.329349
ml.py,extract_features_EPL,10,0.720818700007,0.036934,0.193505
ml.py,train_ml_EPL,252,4.052312000014,0.77179,0.808999
ml.py,evaluate_ml_EPL,26,0.001864999998,0.010755,0.015793
ml.py,load_football_LaLiga,20,0.028568000009,0.170599,0.305142
ml.py,extract_features_LaLiga,10,0.799369899993,0.032184,0.18066
ml.py,train_ml_LaLiga,247,4.148453700007,0.716321,0.752413
ml.py,evaluate_ml_LaLiga,25,0.001632999978,0.001966,0.00757
ml.py,load_football_SerieA,20,0.032262699999,0.206098,0.30275
ml.py,extract_features_SerieA,10,0.741654299985,0.031916,0.175559
ml.py,train_ml_SerieA,241,4.572645899985,0.728457,0.764514
ml.py,evaluate_ml_SerieA,25,0.001668699988,0.002058,0.007662
ml.py,load_football_Ligue1,20,0.026198200008,0.124664,0.302019
ml.py,extract_features_Ligue1,10,0.614456299983,0.03056,0.158627
ml.py,train_ml_Ligue1,210,4.624635300017,0.700826,0.734825
ml.py,evaluate_ml_Ligue1,21,0.001798499987,0.002054,0.007626
ml.py,load_football_Bundesliga,20,0.023906899994,0.098833,0.307027
ml.py,extract_features_Bundesliga,10,0.619191500009,0.029694,0.147056
ml.py,train_ml_Bundesliga,192,4.840987500007,0.703212,0.736163
ml.py,evaluate_ml_Bundesliga,20,0.001725400012,0.002008,0.007572
ml.py,load_football_Eredivisie,20,0.024819100014,0.095867,0.303798
ml.py,extract_features_Eredivisie,10,0.526768000011,0.030126,0.151324
ml.py,train_ml_Eredivisie,196,4.679946799995,0.701188,0.734515
ml.py,evaluate_ml_Eredivisie,20,0.001758300001,0.001916,0.007526
ml.py,load_football_PrimeiraLiga,20,0.028179500019,0.091201,0.301856
ml.py,extract_features_PrimeiraLiga,10,0.508447100001,0.029544,0.145698
ml.py,train_ml_PrimeiraLiga,190,4.626875999995,0.701717,0.734658
ml.py,evaluate_ml_PrimeiraLiga,19,0.002425600018,0.001962,0.007518
ml.py,load_football_LigaMX,20,0.077292300004,0.200103,0.3049
ml.py,extract_features_LigaMX,10,0.709242000012,0.030884,0.167992
ml.py,train_ml_LigaMX,224,4.833668799984,0.726681,0.762054
ml.py,evaluate_ml_LigaMX,23,0.001815399999,0.001782,0.007462
ml.py,load_football_MLS,20,0.045404999983,0.188654,0.31427
ml.py,extract_features_MLS,10,1.572964699997,0.036042,0.246921
ml.py,train_ml_MLS,338,4.612530500017,0.723401,0.766858
ml.py,evaluate_ml_MLS,34,0.001648999983,0.001782,0.00755
ml.py,load_football_BrasileiraoA,20,0.028828600014,0.206229,0.305452
ml.py,extract_features_BrasileiraoA,10,0.748131800006,0.031638,0.177889
ml.py,train_ml_BrasileiraoA,242,4.158577199996,0.723868,0.760252
ml.py,evaluate_ml_BrasileiraoA,25,0.001551599998,0.001782,0.007478
ml.py,load_baseball_MLB,20,0.191797200008,0.919982,1.030796
ml.py,extract_features_MLB,5,68.248446200014,0.13515,1.881095
ml.py,train_ml_MLB,2814,5.517070800008,0.780945,1.064924
ml.py,evaluate_ml_MLB,282,0.001978400018,0.001686,0.00947
ml.py,load_baseball_NPB,20,0.116017399996,0.461314,0.55106
ml.py,extract_features_NPB,5,18.064421600022,0.079398,0.964944
ml.py,train_ml_NPB,1437,4.940798099997,0.738373,0.888684
ml.py,evaluate_ml_NPB,144,0.002020799991,0.001686,0.008334
ml.py,load_baseball_KBO,20,0.065312299994,0.256388,0.338961
ml.py,extract_features_KBO,5,5.079205499991,0.05142,0.496751
ml.py,train_ml_KBO,745,5.47670270002,0.707161,0.789878
ml.py,evaluate_ml_KBO,75,0.00169830001,0.001686,0.007782
ml.py,load_baseball_LMB,20,0.175510600006,0.303442,0.379194
ml.py,extract_features_LMB,5,7.442494599993,0.057792,0.604727
ml.py,train_ml_LMB,904,5.367650800006,0.721417,0.819902
ml.py,evaluate_ml_LMB,91,0.001862600009,0.001686,0.00791
ml.py,load_baseball_CPBL,20,0.013842199987,0.053945,0.296357
ml.py,extract_features_CPBL,5,0.163248299999,0.025664,0.089597
ml.py,train_ml_CPBL,111,4.767659900011,0.690057,0.717021
ml.py,evaluate_ml_CPBL,12,0.001982599992,0.001686,0.007278
ml.py,load_hockey_NHL,20,0.096619299991,0.373746,0.42154
ml.py,extract_features_NHL,5,13.239920500026,0.06706,0.766888
ml.py,train_ml_NHL,1108,5.235644100001,0.7151,0.833124
ml.py,evaluate_ml_NHL,111,0.003782299988,0.001686,0.00807
ml.py,load_hockey_AHL,20,0.091175900016,0.312575,0.3694
ml.py,extract_features_AHL,5,8.906682400004,0.05865,0.63228
ml.py,train_ml_AHL,899,4.503517200006,0.71296,0.810963
ml.py,evaluate_ml_AHL,90,0.001584599988,0.001686,0.007902
ml.py,load_hockey_ECHL,20,0.066143499978,0.279033,0.406727
ml.py,extract_features_ECHL,5,7.0483695,0.054892,0.568631
ml.py,train_ml_ECHL,808,4.662449099997,0.711941,0.800775
ml.py,evaluate_ml_ECHL,81,0.001601199998,0.001686,0.00783
ml.py,load_hockey_OHL,20,0.017959699995,0.166858,0.303281
ml.py,extract_features_OHL,5,0.511120199983,0.029408,0.145892
ml.py,train_ml_OHL,199,4.819850699976,0.698145,0.731547
ml.py,evaluate_ml_OHL,20,0.001899899973,0.001686,0.007342
ml.py,load_hockey_WHL,20,0.035369399993,0.251158,0.311956
ml.py,extract_features_WHL,5,1.734383400006,0.037674,0.276512
ml.py,train_ml_WHL,397,4.408131700009,0.696418,0.7454
ml.py,evaluate_ml_WHL,40,0.001738899999,0.001686,0.007502
