home,away,ft
Buffalo Bisons,Scranton/WB,"[9, 12]"
Syracuse Mets,Rochester Red Wings,"[6, 3]"
Memphis Redbirds,Charlotte Knights,"[6, 5]"
Toledo Mud Hens,Nashville Sounds,"[4, 2]"
Lehigh Valley IronPigs,Worcester,"[7, 4]"
Norfolk Tides,Durham Bulls,"[12, 8]"
Omaha Storm Chasers,Iowa Cubs,"[5, 4]"
Jacksonville Jumbo Shrimp,Gwinnett Stripers,"[5, 4]"
Louisville Bats,Indianapolis Indians,"[9, 8]"
Syracuse Mets,Rochester Red Wings,"[2, 6]"
Buffalo Bisons,Scranton/WB,"[3, 4]"
Memphis Redbirds,Charlotte Knights,"[10, 3]"
Louisville Bats,Indianapolis Indians,"[4, 3]"
Omaha Storm Chasers,Iowa Cubs,"[7, 6]"
Toledo Mud Hens,Nashville Sounds,"[4, 2]"
Lehigh Valley IronPigs,Worcester,"[2, 5]"
St. Paul,Columbus Clippers,"[8, 1]"
Norfolk Tides,Durham Bulls,"[12, 6]"
Jacksonville Jumbo Shrimp,Gwinnett Stripers,"[1, 4]"
Syracuse Mets,Rochester Red Wings,"[2, 7]"
Norfolk Tides,Durham Bulls,"[5, 17]"
Louisville Bats,Indianapolis Indians,"[4, 6]"
Buffalo Bisons,Scranton/WB,"[4, 3]"
Lehigh Valley IronPigs,Worcester,"[2, 6]"
Toledo Mud Hens,Nashville Sounds,"[0, 12]"
Memphis Redbirds,Charlotte Knights,"[2, 6]"
Omaha Storm Chasers,Iowa Cubs,"[0, 2]"
Jacksonville Jumbo Shrimp,Gwinnett Stripers,"[0, 10]"
St. Paul,Columbus Clippers,"[5, 4]"
Worcester,Buffalo Bisons,"[0, 2]"
Indianapolis Indians,Memphis Redbirds,"[2, 7]"
Durham Bulls,Jacksonville Jumbo Shrimp,"[3, 5]"
Charlotte Knights,Norfolk Tides,"[6, 10]"
Gwinnett Stripers,Louisville Bats,"[1, 2]"
Nashville Sounds,St. Paul,"[5, 4]"
Iowa Cubs,Toledo Mud Hens,"[5, 4]"
Iowa Cubs,Toledo Mud Hens,"[6, 7]"
Columbus Clippers,Omaha Storm Chasers,"[3, 0]"
Charlotte Knights,Norfolk Tides,"[11, 26]"
Durham Bulls,Jacksonville Jumbo Shrimp,"[6, 4]"
Gwinnett Stripers,Louisville Bats,"[7, 0]"
Nashville Sounds,St. Paul,"[5, 6]"
Columbus Clippers,Omaha Storm Chasers,"[3, 0]"
Scranton/WB,Syracuse Mets,"[4, 5]"
Durham Bulls,Jacksonville Jumbo Shrimp,"[3, 4]"
Charlotte Knights,Norfolk Tides,"[8, 9]"
Gwinnett Stripers,Louisville Bats,"[4, 5]"
Nashville Sounds,St. Paul,"[4, 3]"
Iowa Cubs,Toledo Mud Hens,"[5, 1]"
Indianapolis Indians,Memphis Redbirds,"[7, 5]"
Columbus Clippers,Omaha Storm Chasers,"[4, 5]"
Worcester,Buffalo Bisons,"[9, 7]"
Columbus Clippers,Omaha Storm Chasers,"[8, 5]"
Scranton/WB,Syracuse Mets,"[8, 4]"
Durham Bulls,Jacksonville Jumbo Shrimp,"[6, 9]"
Worcester,Buffalo Bisons,"[0, 5]"
Charlotte Knights,Norfolk Tides,"[10, 11]"
Indianapolis Indians,Memphis Redbirds,"[8, 3]"
Gwinnett Stripers,Louisville Bats,"[6, 5]"
Nashville Sounds,St. Paul,"[5, 6]"
Iowa Cubs,Toledo Mud Hens,"[3, 4]"
Rochester Red Wings,Lehigh Valley IronPigs,"[4, 5]"
Scranton/WB,Syracuse Mets,"[2, 4]"
Columbus Clippers,Omaha Storm Chasers,"[5, 11]"
Scranton/WB,Syracuse Mets,"[6, 9]"
Worcester,Buffalo Bisons,"[6, 10]"
Iowa Cubs,Toledo Mud Hens,"[6, 3]"
Indianapolis Indians,Memphis Redbirds,"[5, 4]"
Charlotte Knights,Norfolk Tides,"[1, 13]"
Gwinnett Stripers,Louisville Bats,"[8, 5]"
Durham Bulls,Jacksonville Jumbo Shrimp,"[6, 2]"
Indianapolis Indians,Memphis Redbirds,"[7, 5]"
Nashville Sounds,St. Paul,"[0, 3]"
Worcester,Buffalo Bisons,"[5, 10]"
Scranton/WB,Syracuse Mets,"[7, 2]"
Rochester Red Wings,Lehigh Valley IronPigs,"[3, 4]"
Gwinnett Stripers,Louisville Bats,"[8, 2]"
Durham Bulls,Jacksonville Jumbo Shrimp,"[2, 4]"
Columbus Clippers,Omaha Storm Chasers,"[0, 2]"
Charlotte Knights,Norfolk Tides,"[6, 2]"
Indianapolis Indians,Memphis Redbirds,"[2, 3]"
Iowa Cubs,Toledo Mud Hens,"[9, 6]"
Rochester Red Wings,Lehigh Valley IronPigs,"[7, 4]"
Nashville Sounds,St. Paul,"[8, 1]"
Syracuse Mets,Worcester,"[0, 9]"
Omaha Storm Chasers,Gwinnett Stripers,"[10, 3]"
St. Paul,Iowa Cubs,"[7, 9]"
Buffalo Bisons,Rochester Red Wings,"[6, 5]"
Louisville Bats,Columbus Clippers,"[4, 13]"
Norfolk Tides,Scranton/WB,"[2, 5]"
Toledo Mud Hens,Indianapolis Indians,"[6, 5]"
Lehigh Valley IronPigs,Durham Bulls,"[10, 28]"
Jacksonville Jumbo Shrimp,Charlotte Knights,"[4, 1]"
Memphis Redbirds,Nashville Sounds,"[2, 15]"
Louisville Bats,Columbus Clippers,"[3, 2]"
Jacksonville Jumbo Shrimp,Charlotte Knights,"[2, 1]"
Omaha Storm Chasers,Gwinnett Stripers,"[7, 2]"
Buffalo Bisons,Rochester Red Wings,"[12, 11]"
Toledo Mud Hens,Indianapolis Indians,"[3, 4]"
Syracuse Mets,Worcester,"[3, 2]"
Norfolk Tides,Scranton/WB,"[3, 7]"
Lehigh Valley IronPigs,Durham Bulls,"[3, 2]"
St. Paul,Iowa Cubs,"[1, 4]"
Norfolk Tides,Scranton/WB,"[3, 4]"
Buffalo Bisons,Rochester Red Wings,"[3, 6]"
Syracuse Mets,Worcester,"[5, 4]"
Lehigh Valley IronPigs,Durham Bulls,"[6, 10]"
Jacksonville Jumbo Shrimp,Charlotte Knights,"[2, 6]"
Omaha Storm Chasers,Gwinnett Stripers,"[18, 9]"
St. Paul,Iowa Cubs,"[5, 2]"
Memphis Redbirds,Nashville Sounds,"[6, 1]"
Louisville Bats,Columbus Clippers,"[4, 5]"
Memphis Redbirds,Nashville Sounds,"[6, 0]"
Syracuse Mets,Worcester,"[4, 2]"
Norfolk Tides,Scranton/WB,"[4, 6]"
Louisville Bats,Columbus Clippers,"[2, 0]"
Toledo Mud Hens,Indianapolis Indians,"[4, 3]"
Lehigh Valley IronPigs,Durham Bulls,"[9, 4]"
Jacksonville Jumbo Shrimp,Charlotte Knights,"[7, 5]"
Omaha Storm Chasers,Gwinnett Stripers,"[6, 7]"
St. Paul,Iowa Cubs,"[0, 6]"
Memphis Redbirds,Nashville Sounds,"[0, 9]"
Buffalo Bisons,Rochester Red Wings,"[2, 8]"
Toledo Mud Hens,Indianapolis Indians,"[3, 2]"
Omaha Storm Chasers,Gwinnett Stripers,"[13, 6]"
St. Paul,Iowa Cubs,"[3, 4]"
Buffalo Bisons,Rochester Red Wings,"[5, 6]"
Memphis Redbirds,Nashville Sounds,"[8, 3]"
Toledo Mud Hens,Indianapolis Indians,"[13, 4]"
Norfolk Tides,Scranton/WB,"[0, 3]"
Lehigh Valley IronPigs,Durham Bulls,"[6, 1]"
Jacksonville Jumbo Shrimp,Charlotte Knights,"[2, 11]"
Louisville Bats,Columbus Clippers,"[5, 7]"
Syracuse Mets,Worcester,"[10, 5]"
Buffalo Bisons,Rochester Red Wings,"[17, 0]"
Norfolk Tides,Scranton/WB,"[5, 6]"
Louisville Bats,Columbus Clippers,"[3, 2]"
Lehigh Valley IronPigs,Durham Bulls,"[9, 12]"
Toledo Mud Hens,Indianapolis Indians,"[16, 6]"
Memphis Redbirds,Nashville Sounds,"[4, 8]"
Omaha Storm Chasers,Gwinnett Stripers,"[6, 1]"
Syracuse Mets,Worcester,"[4, 8]"
Jacksonville Jumbo Shrimp,Charlotte Knights,"[4, 9]"
St. Paul,Iowa Cubs,"[13, 11]"
Jacksonville Jumbo Shrimp,Norfolk Tides,"[4, 3]"
Worcester,Durham Bulls,"[7, 4]"
Rochester Red Wings,Toledo Mud Hens,"[2, 0]"
Indianapolis Indians,St. Paul,"[10, 6]"
Charlotte Knights,Syracuse Mets,"[2, 9]"
Columbus Clippers,Buffalo Bisons,"[7, 4]"
Scranton/WB,Lehigh Valley IronPigs,"[1, 7]"
Gwinnett Stripers,Memphis Redbirds,"[6, 5]"
Nashville Sounds,Omaha Storm Chasers,"[9, 10]"
Iowa Cubs,Louisville Bats,"[8, 7]"
Charlotte Knights,Syracuse Mets,"[4, 2]"
Indianapolis Indians,St. Paul,"[1, 0]"
Gwinnett Stripers,Memphis Redbirds,"[2, 1]"
Columbus Clippers,Buffalo Bisons,"[9, 12]"
Iowa Cubs,Louisville Bats,"[4, 3]"
Worcester,Durham Bulls,"[6, 2]"
Scranton/WB,Lehigh Valley IronPigs,"[5, 4]"
Jacksonville Jumbo Shrimp,Norfolk Tides,"[16, 4]"
Nashville Sounds,Omaha Storm Chasers,"[6, 5]"
Rochester Red Wings,Toledo Mud Hens,"[6, 5]"
Rochester Red Wings,Toledo Mud Hens,"[3, 7]"
Columbus Clippers,Buffalo Bisons,"[7, 8]"
Scranton/WB,Lehigh Valley IronPigs,"[8, 4]"
Indianapolis Indians,St. Paul,"[6, 5]"
Charlotte Knights,Syracuse Mets,"[5, 4]"
Jacksonville Jumbo Shrimp,Norfolk Tides,"[3, 1]"
Gwinnett Stripers,Memphis Redbirds,"[1, 3]"
Nashville Sounds,Omaha Storm Chasers,"[9, 1]"
Iowa Cubs,Louisville Bats,"[6, 9]"
Worcester,Durham Bulls,"[12, 5]"
Rochester Red Wings,Toledo Mud Hens,"[4, 1]"
Columbus Clippers,Buffalo Bisons,"[9, 3]"
Scranton/WB,Lehigh Valley IronPigs,"[3, 9]"
Charlotte Knights,Syracuse Mets,"[5, 1]"
Gwinnett Stripers,Memphis Redbirds,"[1, 4]"
Jacksonville Jumbo Shrimp,Norfolk Tides,"[1, 4]"
Indianapolis Indians,St. Paul,"[7, 2]"
Iowa Cubs,Louisville Bats,"[1, 4]"
Nashville Sounds,Omaha Storm Chasers,"[3, 2]"
Rochester Red Wings,Toledo Mud Hens,"[5, 9]"
Worcester,Durham Bulls,"[2, 12]"
Scranton/WB,Lehigh Valley IronPigs,"[5, 2]"
Columbus Clippers,Buffalo Bisons,"[3, 5]"
Iowa Cubs,Louisville Bats,"[4, 1]"
Worcester,Durham Bulls,"[3, 4]"
Gwinnett Stripers,Memphis Redbirds,"[2, 4]"
Charlotte Knights,Syracuse Mets,"[6, 11]"
Jacksonville Jumbo Shrimp,Norfolk Tides,"[5, 11]"
Indianapolis Indians,St. Paul,"[4, 12]"
Nashville Sounds,Omaha Storm Chasers,"[2, 8]"
Worcester,Durham Bulls,"[7, 1]"
Scranton/WB,Lehigh Valley IronPigs,"[4, 7]"
Rochester Red Wings,Toledo Mud Hens,"[7, 8]"
Columbus Clippers,Buffalo Bisons,"[4, 16]"
Indianapolis Indians,St. Paul,"[5, 0]"
Iowa Cubs,Louisville Bats,"[11, 3]"
Nashville Sounds,Omaha Storm Chasers,"[7, 3]"
Jacksonville Jumbo Shrimp,Norfolk Tides,"[8, 4]"
Durham Bulls,Scranton/WB,"[3, 2]"
Louisville Bats,Nashville Sounds,"[14, 9]"
Syracuse Mets,Columbus Clippers,"[6, 3]"
Norfolk Tides,Gwinnett Stripers,"[4, 9]"
Lehigh Valley IronPigs,Charlotte Knights,"[4, 5]"
Omaha Storm Chasers,Indianapolis Indians,"[7, 4]"
St. Paul,Rochester Red Wings,"[15, 9]"
Memphis Redbirds,Jacksonville Jumbo Shrimp,"[1, 10]"
Toledo Mud Hens,Worcester,"[5, 3]"
Louisville Bats,Nashville Sounds,"[2, 1]"
Omaha Storm Chasers,Indianapolis Indians,"[4, 7]"
Toledo Mud Hens,Worcester,"[3, 2]"
Memphis Redbirds,Jacksonville Jumbo Shrimp,"[2, 5]"
Buffalo Bisons,Iowa Cubs,"[2, 8]"
Norfolk Tides,Gwinnett Stripers,"[3, 4]"
Syracuse Mets,Columbus Clippers,"[4, 0]"
Durham Bulls,Scranton/WB,"[1, 6]"
Lehigh Valley IronPigs,Charlotte Knights,"[3, 5]"
St. Paul,Rochester Red Wings,"[5, 7]"
Norfolk Tides,Gwinnett Stripers,"[1, 2]"
Buffalo Bisons,Iowa Cubs,"[5, 3]"
Buffalo Bisons,Iowa Cubs,"[10, 3]"
Toledo Mud Hens,Worcester,"[5, 7]"
Syracuse Mets,Columbus Clippers,"[1, 9]"
Louisville Bats,Nashville Sounds,"[9, 5]"
Durham Bulls,Scranton/WB,"[2, 14]"
Lehigh Valley IronPigs,Charlotte Knights,"[7, 6]"
Memphis Redbirds,Jacksonville Jumbo Shrimp,"[5, 9]"
Omaha Storm Chasers,Indianapolis Indians,"[5, 4]"
St. Paul,Rochester Red Wings,"[3, 0]"
Memphis Redbirds,Jacksonville Jumbo Shrimp,"[4, 3]"
Buffalo Bisons,Iowa Cubs,"[3, 12]"
Norfolk Tides,Gwinnett Stripers,"[5, 1]"
Syracuse Mets,Columbus Clippers,"[5, 7]"
Durham Bulls,Scranton/WB,"[2, 6]"
Toledo Mud Hens,Worcester,"[4, 3]"
Lehigh Valley IronPigs,Charlotte Knights,"[4, 6]"
Louisville Bats,Nashville Sounds,"[8, 11]"
St. Paul,Rochester Red Wings,"[2, 3]"
Buffalo Bisons,Iowa Cubs,"[2, 0]"
Memphis Redbirds,Jacksonville Jumbo Shrimp,"[10, 1]"
St. Paul,Rochester Red Wings,"[7, 8]"
Toledo Mud Hens,Worcester,"[8, 7]"
Norfolk Tides,Gwinnett Stripers,"[5, 4]"
Lehigh Valley IronPigs,Charlotte Knights,"[8, 4]"
Durham Bulls,Scranton/WB,"[1, 8]"
Louisville Bats,Nashville Sounds,"[9, 3]"
Syracuse Mets,Columbus Clippers,"[5, 4]"
Norfolk Tides,Gwinnett Stripers,"[2, 0]"
Louisville Bats,Nashville Sounds,"[4, 7]"
Durham Bulls,Scranton/WB,"[6, 2]"
Buffalo Bisons,Iowa Cubs,"[2, 0]"
Lehigh Valley IronPigs,Charlotte Knights,"[3, 6]"
Syracuse Mets,Columbus Clippers,"[8, 6]"
Toledo Mud Hens,Worcester,"[5, 8]"
Memphis Redbirds,Jacksonville Jumbo Shrimp,"[3, 5]"
St. Paul,Louisville Bats,"[5, 7]"
Worcester,Lehigh Valley IronPigs,"[12, 5]"
Rochester Red Wings,Syracuse Mets,"[5, 13]"
Charlotte Knights,Memphis Redbirds,"[4, 3]"
Indianapolis Indians,Buffalo Bisons,"[4, 3]"
Columbus Clippers,Toledo Mud Hens,"[7, 6]"
Jacksonville Jumbo Shrimp,Scranton/WB,"[6, 7]"
Nashville Sounds,Norfolk Tides,"[5, 11]"
Indianapolis Indians,Buffalo Bisons,"[14, 5]"
Charlotte Knights,Memphis Redbirds,"[3, 7]"
Worcester,Lehigh Valley IronPigs,"[5, 2]"
Iowa Cubs,Omaha Storm Chasers,"[6, 5]"
Iowa Cubs,Omaha Storm Chasers,"[1, 5]"
Gwinnett Stripers,Durham Bulls,"[5, 0]"
Rochester Red Wings,Syracuse Mets,"[2, 1]"
Columbus Clippers,Toledo Mud Hens,"[14, 8]"
Jacksonville Jumbo Shrimp,Scranton/WB,"[0, 5]"
Gwinnett Stripers,Durham Bulls,"[2, 6]"
Nashville Sounds,Norfolk Tides,"[3, 7]"
St. Paul,Louisville Bats,"[8, 5]"
Rochester Red Wings,Syracuse Mets,"[6, 12]"
Iowa Cubs,Omaha Storm Chasers,"[6, 9]"
Worcester,Lehigh Valley IronPigs,"[1, 7]"
Columbus Clippers,Toledo Mud Hens,"[3, 7]"
Indianapolis Indians,Buffalo Bisons,"[6, 4]"
Charlotte Knights,Memphis Redbirds,"[1, 5]"
Jacksonville Jumbo Shrimp,Scranton/WB,"[0, 2]"
Gwinnett Stripers,Durham Bulls,"[5, 8]"
Nashville Sounds,Norfolk Tides,"[6, 10]"
St. Paul,Louisville Bats,"[4, 8]"
Jacksonville Jumbo Shrimp,Scranton/WB,"[2, 7]"
Worcester,Lehigh Valley IronPigs,"[4, 2]"
Rochester Red Wings,Syracuse Mets,"[10, 1]"
Charlotte Knights,Memphis Redbirds,"[0, 5]"
Indianapolis Indians,Buffalo Bisons,"[4, 10]"
Gwinnett Stripers,Durham Bulls,"[5, 4]"
Columbus Clippers,Toledo Mud Hens,"[4, 6]"
Nashville Sounds,Norfolk Tides,"[0, 2]"
St. Paul,Louisville Bats,"[4, 0]"
Iowa Cubs,Omaha Storm Chasers,"[4, 7]"
Jacksonville Jumbo Shrimp,Scranton/WB,"[9, 10]"
Rochester Red Wings,Syracuse Mets,"[2, 4]"
St. Paul,Louisville Bats,"[9, 6]"
Worcester,Lehigh Valley IronPigs,"[4, 0]"
Columbus Clippers,Toledo Mud Hens,"[1, 3]"
Iowa Cubs,Omaha Storm Chasers,"[3, 10]"
Gwinnett Stripers,Durham Bulls,"[5, 3]"
Charlotte Knights,Memphis Redbirds,"[2, 9]"
Indianapolis Indians,Buffalo Bisons,"[3, 9]"
Nashville Sounds,Norfolk Tides,"[5, 2]"
Worcester,Lehigh Valley IronPigs,"[11, 1]"
Rochester Red Wings,Syracuse Mets,"[6, 1]"
Gwinnett Stripers,Durham Bulls,"[2, 4]"
Columbus Clippers,Toledo Mud Hens,"[5, 3]"
Charlotte Knights,Memphis Redbirds,"[6, 7]"
Indianapolis Indians,Buffalo Bisons,"[8, 3]"
Iowa Cubs,Omaha Storm Chasers,"[2, 3]"
Nashville Sounds,Norfolk Tides,"[6, 3]"
Jacksonville Jumbo Shrimp,Scranton/WB,"[2, 5]"
St. Paul,Louisville Bats,"[6, 7]"
Lehigh Valley IronPigs,Syracuse Mets,"[3, 18]"
Gwinnett Stripers,Charlotte Knights,"[7, 4]"
Durham Bulls,Nashville Sounds,"[8, 9]"
Louisville Bats,Indianapolis Indians,"[6, 2]"
Scranton/WB,Rochester Red Wings,"[5, 8]"
Toledo Mud Hens,St. Paul,"[7, 5]"
Buffalo Bisons,Worcester,"[7, 5]"
Omaha Storm Chasers,Jacksonville Jumbo Shrimp,"[8, 6]"
Iowa Cubs,Columbus Clippers,"[5, 6]"
Memphis Redbirds,Norfolk Tides,"[4, 9]"
Louisville Bats,Indianapolis Indians,"[4, 3]"
Scranton/WB,Rochester Red Wings,"[5, 3]"
Toledo Mud Hens,St. Paul,"[6, 11]"
Omaha Storm Chasers,Jacksonville Jumbo Shrimp,"[5, 6]"
Iowa Cubs,Columbus Clippers,"[9, 8]"
Buffalo Bisons,Worcester,"[11, 2]"
Durham Bulls,Nashville Sounds,"[5, 3]"
Lehigh Valley IronPigs,Syracuse Mets,"[4, 5]"
Worcester,Buffalo Bisons,"[4, 0]"
Memphis Redbirds,Norfolk Tides,"[3, 12]"
Gwinnett Stripers,Charlotte Knights,"[1, 8]"
Memphis Redbirds,Norfolk Tides,"[3, 2]"
Iowa Cubs,Columbus Clippers,"[4, 6]"
Buffalo Bisons,Worcester,"[6, 4]"
Toledo Mud Hens,St. Paul,"[5, 1]"
Scranton/WB,Rochester Red Wings,"[14, 12]"
Louisville Bats,Indianapolis Indians,"[6, 9]"
Durham Bulls,Nashville Sounds,"[2, 3]"
Lehigh Valley IronPigs,Syracuse Mets,"[2, 9]"
Gwinnett Stripers,Charlotte Knights,"[2, 1]"
Omaha Storm Chasers,Jacksonville Jumbo Shrimp,"[6, 5]"
Memphis Redbirds,Norfolk Tides,"[4, 12]"
Buffalo Bisons,Worcester,"[12, 7]"
Durham Bulls,Nashville Sounds,"[1, 7]"
Toledo Mud Hens,St. Paul,"[1, 3]"
Gwinnett Stripers,Charlotte Knights,"[4, 2]"
Lehigh Valley IronPigs,Syracuse Mets,"[3, 8]"
Louisville Bats,Indianapolis Indians,"[3, 0]"
Omaha Storm Chasers,Jacksonville Jumbo Shrimp,"[6, 4]"
Iowa Cubs,Columbus Clippers,"[11, 9]"
Buffalo Bisons,Worcester,"[1, 4]"
Scranton/WB,Rochester Red Wings,"[3, 15]"
Scranton/WB,Rochester Red Wings,"[5, 3]"
Memphis Redbirds,Norfolk Tides,"[3, 2]"
Toledo Mud Hens,St. Paul,"[1, 0]"
Gwinnett Stripers,Charlotte Knights,"[2, 6]"
Lehigh Valley IronPigs,Syracuse Mets,"[3, 2]"
Durham Bulls,Nashville Sounds,"[10, 3]"
Iowa Cubs,Columbus Clippers,"[5, 3]"
Louisville Bats,Indianapolis Indians,"[6, 5]"
Omaha Storm Chasers,Jacksonville Jumbo Shrimp,"[1, 0]"
Scranton/WB,Rochester Red Wings,"[6, 4]"
Louisville Bats,Indianapolis Indians,"[7, 1]"
Gwinnett Stripers,Charlotte Knights,"[6, 4]"
Durham Bulls,Nashville Sounds,"[8, 7]"
Buffalo Bisons,Worcester,"[5, 0]"
Lehigh Valley IronPigs,Syracuse Mets,"[0, 6]"
Memphis Redbirds,Norfolk Tides,"[5, 8]"
Toledo Mud Hens,St. Paul,"[4, 5]"
Iowa Cubs,Columbus Clippers,"[6, 9]"
Omaha Storm Chasers,Jacksonville Jumbo Shrimp,"[6, 5]"
St. Paul,Omaha Storm Chasers,"[13, 7]"
Rochester Red Wings,Buffalo Bisons,"[7, 5]"
Worcester,Scranton/WB,"[8, 4]"
Syracuse Mets,Iowa Cubs,"[8, 7]"
Memphis Redbirds,Gwinnett Stripers,"[6, 1]"
Charlotte Knights,Durham Bulls,"[12, 11]"
Jacksonville Jumbo Shrimp,Nashville Sounds,"[2, 12]"
Columbus Clippers,Louisville Bats,"[4, 11]"
Gwinnett Stripers,Memphis Redbirds,"[1, 0]"
Syracuse Mets,Iowa Cubs,"[4, 3]"
Worcester,Scranton/WB,"[0, 1]"
Jacksonville Jumbo Shrimp,Nashville Sounds,"[3, 5]"
Memphis Redbirds,Gwinnett Stripers,"[10, 3]"
Norfolk Tides,Lehigh Valley IronPigs,"[3, 4]"
Rochester Red Wings,Buffalo Bisons,"[3, 14]"
Norfolk Tides,Lehigh Valley IronPigs,"[3, 5]"
St. Paul,Omaha Storm Chasers,"[0, 6]"
Indianapolis Indians,Toledo Mud Hens,"[6, 8]"
Memphis Redbirds,Gwinnett Stripers,"[2, 4]"
Norfolk Tides,Lehigh Valley IronPigs,"[6, 8]"
Columbus Clippers,Louisville Bats,"[9, 3]"
Indianapolis Indians,Toledo Mud Hens,"[5, 3]"
Columbus Clippers,Louisville Bats,"[2, 6]"
Charlotte Knights,Durham Bulls,"[3, 4]"
Rochester Red Wings,Buffalo Bisons,"[6, 2]"
Worcester,Scranton/WB,"[13, 12]"
Syracuse Mets,Iowa Cubs,"[4, 10]"
Charlotte Knights,Durham Bulls,"[5, 2]"
Jacksonville Jumbo Shrimp,Nashville Sounds,"[2, 5]"
St. Paul,Omaha Storm Chasers,"[8, 9]"
Worcester,Scranton/WB,"[9, 8]"
Norfolk Tides,Lehigh Valley IronPigs,"[4, 0]"
Syracuse Mets,Iowa Cubs,"[12, 5]"
Charlotte Knights,Durham Bulls,"[5, 10]"
Indianapolis Indians,Toledo Mud Hens,"[3, 8]"
Columbus Clippers,Louisville Bats,"[4, 7]"
Jacksonville Jumbo Shrimp,Nashville Sounds,"[3, 4]"
Memphis Redbirds,Gwinnett Stripers,"[10, 3]"
St. Paul,Omaha Storm Chasers,"[4, 2]"
St. Paul,Omaha Storm Chasers,"[2, 4]"
Rochester Red Wings,Buffalo Bisons,"[2, 4]"
Rochester Red Wings,Buffalo Bisons,"[2, 1]"
Charlotte Knights,Durham Bulls,"[5, 3]"
Norfolk Tides,Lehigh Valley IronPigs,"[13, 11]"
Syracuse Mets,Iowa Cubs,"[8, 7]"
Jacksonville Jumbo Shrimp,Nashville Sounds,"[10, 0]"
Indianapolis Indians,Toledo Mud Hens,"[16, 10]"
Columbus Clippers,Louisville Bats,"[5, 2]"
Memphis Redbirds,Gwinnett Stripers,"[6, 1]"
Indianapolis Indians,Toledo Mud Hens,"[1, 10]"
Worcester,Scranton/WB,"[3, 6]"
Syracuse Mets,Iowa Cubs,"[5, 3]"
Rochester Red Wings,Buffalo Bisons,"[5, 4]"
Norfolk Tides,Lehigh Valley IronPigs,"[5, 3]"
Columbus Clippers,Louisville Bats,"[3, 6]"
Charlotte Knights,Durham Bulls,"[8, 0]"
Memphis Redbirds,Gwinnett Stripers,"[7, 6]"
Jacksonville Jumbo Shrimp,Nashville Sounds,"[7, 3]"
Indianapolis Indians,Toledo Mud Hens,"[5, 4]"
Worcester,Scranton/WB,"[3, 1]"
St. Paul,Omaha Storm Chasers,"[2, 11]"
Lehigh Valley IronPigs,Rochester Red Wings,"[1, 4]"
Rochester Red Wings,Lehigh Valley IronPigs,"[3, 16]"
Worcester,Norfolk Tides,"[20, 4]"
Scranton/WB,Syracuse Mets,"[1, 12]"
Buffalo Bisons,St. Paul,"[1, 3]"
Louisville Bats,Toledo Mud Hens,"[7, 5]"
Durham Bulls,Memphis Redbirds,"[1, 0]"
Gwinnett Stripers,Jacksonville Jumbo Shrimp,"[4, 3]"
Omaha Storm Chasers,Columbus Clippers,"[7, 8]"
Nashville Sounds,Charlotte Knights,"[10, 3]"
Iowa Cubs,Indianapolis Indians,"[6, 18]"
Scranton/WB,Syracuse Mets,"[12, 10]"
Iowa Cubs,Indianapolis Indians,"[8, 7]"
Worcester,Norfolk Tides,"[4, 5]"
Durham Bulls,Memphis Redbirds,"[2, 6]"
Lehigh Valley IronPigs,Rochester Red Wings,"[5, 10]"
Gwinnett Stripers,Jacksonville Jumbo Shrimp,"[3, 0]"
Omaha Storm Chasers,Columbus Clippers,"[9, 8]"
Buffalo Bisons,St. Paul,"[3, 18]"
Worcester,Norfolk Tides,"[3, 6]"
Buffalo Bisons,St. Paul,"[5, 1]"
Louisville Bats,Toledo Mud Hens,"[8, 9]"
Scranton/WB,Syracuse Mets,"[3, 2]"
Nashville Sounds,Charlotte Knights,"[6, 2]"
Durham Bulls,Memphis Redbirds,"[1, 0]"
Lehigh Valley IronPigs,Rochester Red Wings,"[5, 2]"
Scranton/WB,Syracuse Mets,"[2, 4]"
Gwinnett Stripers,Jacksonville Jumbo Shrimp,"[11, 12]"
Omaha Storm Chasers,Columbus Clippers,"[10, 3]"
Iowa Cubs,Indianapolis Indians,"[8, 10]"
Nashville Sounds,Charlotte Knights,"[2, 1]"
Louisville Bats,Toledo Mud Hens,"[4, 2]"
Worcester,Norfolk Tides,"[5, 9]"
Buffalo Bisons,St. Paul,"[4, 7]"
Scranton/WB,Syracuse Mets,"[7, 3]"
Durham Bulls,Memphis Redbirds,"[4, 5]"
Louisville Bats,Toledo Mud Hens,"[4, 3]"
Lehigh Valley IronPigs,Rochester Red Wings,"[6, 10]"
Gwinnett Stripers,Jacksonville Jumbo Shrimp,"[3, 8]"
Nashville Sounds,Charlotte Knights,"[4, 3]"
Omaha Storm Chasers,Columbus Clippers,"[6, 5]"
Iowa Cubs,Indianapolis Indians,"[12, 0]"
Scranton/WB,Syracuse Mets,"[6, 9]"
Worcester,Norfolk Tides,"[5, 9]"
Gwinnett Stripers,Jacksonville Jumbo Shrimp,"[2, 10]"
Buffalo Bisons,St. Paul,"[0, 7]"
Lehigh Valley IronPigs,Rochester Red Wings,"[6, 3]"
Durham Bulls,Memphis Redbirds,"[3, 4]"
Omaha Storm Chasers,Columbus Clippers,"[4, 3]"
Iowa Cubs,Indianapolis Indians,"[6, 5]"
Louisville Bats,Toledo Mud Hens,"[9, 3]"
Nashville Sounds,Charlotte Knights,"[5, 3]"
Worcester,Norfolk Tides,"[8, 9]"
Scranton/WB,Syracuse Mets,"[2, 10]"
Gwinnett Stripers,Jacksonville Jumbo Shrimp,"[1, 3]"
Buffalo Bisons,St. Paul,"[8, 3]"
Iowa Cubs,Indianapolis Indians,"[1, 6]"
Nashville Sounds,Charlotte Knights,"[3, 4]"
Omaha Storm Chasers,Columbus Clippers,"[7, 5]"
Durham Bulls,Memphis Redbirds,"[8, 5]"
Lehigh Valley IronPigs,Rochester Red Wings,"[2, 7]"
Indianapolis Indians,Omaha Storm Chasers,"[11, 3]"
Rochester Red Wings,St. Paul,"[6, 2]"
St. Paul,Rochester Red Wings,"[4, 1]"
Norfolk Tides,Gwinnett Stripers,"[2, 4]"
Syracuse Mets,Buffalo Bisons,"[5, 7]"
Charlotte Knights,Worcester,"[9, 4]"
Louisville Bats,Iowa Cubs,"[3, 2]"
Toledo Mud Hens,Scranton/WB,"[10, 0]"
Jacksonville Jumbo Shrimp,Durham Bulls,"[8, 3]"
Columbus Clippers,Lehigh Valley IronPigs,"[3, 12]"
Memphis Redbirds,Nashville Sounds,"[2, 0]"
Toledo Mud Hens,Scranton/WB,"[2, 11]"
Rochester Red Wings,St. Paul,"[0, 5]"
Syracuse Mets,Buffalo Bisons,"[5, 3]"
Norfolk Tides,Gwinnett Stripers,"[2, 5]"
Louisville Bats,Iowa Cubs,"[3, 4]"
Indianapolis Indians,Omaha Storm Chasers,"[2, 8]"
Charlotte Knights,Worcester,"[2, 5]"
Jacksonville Jumbo Shrimp,Durham Bulls,"[1, 12]"
Memphis Redbirds,Nashville Sounds,"[4, 9]"
Rochester Red Wings,St. Paul,"[6, 3]"
Norfolk Tides,Gwinnett Stripers,"[2, 7]"
Columbus Clippers,Lehigh Valley IronPigs,"[9, 6]"
Indianapolis Indians,Omaha Storm Chasers,"[2, 3]"
Toledo Mud Hens,Scranton/WB,"[2, 9]"
Syracuse Mets,Buffalo Bisons,"[4, 8]"
Louisville Bats,Iowa Cubs,"[10, 5]"
Charlotte Knights,Worcester,"[1, 4]"
Columbus Clippers,Lehigh Valley IronPigs,"[2, 10]"
Jacksonville Jumbo Shrimp,Durham Bulls,"[6, 7]"
Omaha Storm Chasers,Indianapolis Indians,"[7, 1]"
Memphis Redbirds,Nashville Sounds,"[3, 1]"
Syracuse Mets,Buffalo Bisons,"[4, 2]"
Norfolk Tides,Gwinnett Stripers,"[7, 6]"
Rochester Red Wings,St. Paul,"[8, 2]"
Charlotte Knights,Worcester,"[4, 13]"
Toledo Mud Hens,Scranton/WB,"[1, 0]"
Indianapolis Indians,Omaha Storm Chasers,"[1, 4]"
Columbus Clippers,Lehigh Valley IronPigs,"[5, 2]"
Jacksonville Jumbo Shrimp,Durham Bulls,"[4, 6]"
Louisville Bats,Iowa Cubs,"[4, 6]"
Memphis Redbirds,Nashville Sounds,"[2, 7]"
Charlotte Knights,Worcester,"[7, 5]"
Columbus Clippers,Lehigh Valley IronPigs,"[6, 8]"
Norfolk Tides,Gwinnett Stripers,"[2, 10]"
Syracuse Mets,Buffalo Bisons,"[5, 13]"
Jacksonville Jumbo Shrimp,Durham Bulls,"[4, 7]"
Indianapolis Indians,Omaha Storm Chasers,"[2, 4]"
Rochester Red Wings,St. Paul,"[11, 8]"
Toledo Mud Hens,Scranton/WB,"[3, 2]"
Louisville Bats,Iowa Cubs,"[2, 3]"
Memphis Redbirds,Nashville Sounds,"[11, 3]"
Norfolk Tides,Gwinnett Stripers,"[3, 1]"
Syracuse Mets,Buffalo Bisons,"[7, 1]"
Rochester Red Wings,St. Paul,"[1, 8]"
Louisville Bats,Iowa Cubs,"[4, 2]"
Columbus Clippers,Lehigh Valley IronPigs,"[6, 7]"
Charlotte Knights,Worcester,"[3, 1]"
Indianapolis Indians,Omaha Storm Chasers,"[5, 8]"
Toledo Mud Hens,Scranton/WB,"[7, 2]"
Memphis Redbirds,Nashville Sounds,"[2, 9]"
Jacksonville Jumbo Shrimp,Durham Bulls,"[1, 3]"
Scranton/WB,Norfolk Tides,"[2, 4]"
Durham Bulls,Gwinnett Stripers,"[10, 3]"
Worcester,Rochester Red Wings,"[4, 11]"
Lehigh Valley IronPigs,Buffalo Bisons,"[5, 3]"
Indianapolis Indians,Columbus Clippers,"[4, 15]"
Nashville Sounds,Louisville Bats,"[5, 0]"
Omaha Storm Chasers,Memphis Redbirds,"[4, 3]"
Iowa Cubs,Toledo Mud Hens,"[10, 2]"
Indianapolis Indians,Columbus Clippers,"[11, 6]"
Iowa Cubs,Toledo Mud Hens,"[8, 10]"
Scranton/WB,Norfolk Tides,"[7, 6]"
Durham Bulls,Gwinnett Stripers,"[5, 3]"
Charlotte Knights,Jacksonville Jumbo Shrimp,"[1, 2]"
Worcester,Rochester Red Wings,"[6, 9]"
Lehigh Valley IronPigs,Buffalo Bisons,"[3, 1]"
Omaha Storm Chasers,Memphis Redbirds,"[3, 2]"
St. Paul,Syracuse Mets,"[5, 1]"
Worcester,Rochester Red Wings,"[13, 4]"
Charlotte Knights,Jacksonville Jumbo Shrimp,"[3, 2]"
St. Paul,Syracuse Mets,"[5, 3]"
Nashville Sounds,Louisville Bats,"[4, 5]"
Scranton/WB,Norfolk Tides,"[3, 9]"
Durham Bulls,Gwinnett Stripers,"[3, 17]"
Lehigh Valley IronPigs,Buffalo Bisons,"[7, 6]"
Indianapolis Indians,Columbus Clippers,"[5, 23]"
Nashville Sounds,Louisville Bats,"[10, 3]"
Iowa Cubs,Toledo Mud Hens,"[4, 8]"
Omaha Storm Chasers,Memphis Redbirds,"[16, 6]"
Charlotte Knights,Jacksonville Jumbo Shrimp,"[14, 9]"
St. Paul,Syracuse Mets,"[4, 9]"
Scranton/WB,Norfolk Tides,"[10, 0]"
Durham Bulls,Gwinnett Stripers,"[1, 10]"
Worcester,Rochester Red Wings,"[7, 4]"
Charlotte Knights,Jacksonville Jumbo Shrimp,"[4, 10]"
Lehigh Valley IronPigs,Buffalo Bisons,"[2, 5]"
Indianapolis Indians,Columbus Clippers,"[3, 7]"
Nashville Sounds,Louisville Bats,"[6, 5]"
Omaha Storm Chasers,Memphis Redbirds,"[4, 13]"
St. Paul,Syracuse Mets,"[2, 3]"
Iowa Cubs,Toledo Mud Hens,"[4, 2]"
Worcester,Rochester Red Wings,"[8, 2]"
Scranton/WB,Norfolk Tides,"[10, 7]"
Charlotte Knights,Jacksonville Jumbo Shrimp,"[2, 7]"
Lehigh Valley IronPigs,Buffalo Bisons,"[9, 3]"
Durham Bulls,Gwinnett Stripers,"[7, 3]"
Omaha Storm Chasers,Memphis Redbirds,"[0, 6]"
Indianapolis Indians,Columbus Clippers,"[4, 3]"
St. Paul,Syracuse Mets,"[3, 8]"
Iowa Cubs,Toledo Mud Hens,"[5, 4]"
Nashville Sounds,Louisville Bats,"[2, 4]"
Worcester,Rochester Red Wings,"[5, 8]"
Scranton/WB,Norfolk Tides,"[12, 11]"
Lehigh Valley IronPigs,Buffalo Bisons,"[4, 6]"
Indianapolis Indians,Columbus Clippers,"[3, 8]"
Iowa Cubs,Toledo Mud Hens,"[3, 6]"
Nashville Sounds,Louisville Bats,"[14, 3]"
St. Paul,Syracuse Mets,"[4, 7]"
Durham Bulls,Gwinnett Stripers,"[11, 2]"
Charlotte Knights,Jacksonville Jumbo Shrimp,"[4, 7]"
Omaha Storm Chasers,Memphis Redbirds,"[0, 2]"
Syracuse Mets,Lehigh Valley IronPigs,"[8, 3]"
Norfolk Tides,Memphis Redbirds,"[1, 4]"
Louisville Bats,St. Paul,"[2, 3]"
Durham Bulls,Charlotte Knights,"[6, 8]"
Buffalo Bisons,Worcester,"[3, 2]"
Rochester Red Wings,Scranton/WB,"[0, 10]"
Toledo Mud Hens,Omaha Storm Chasers,"[10, 3]"
Jacksonville Jumbo Shrimp,Indianapolis Indians,"[2, 1]"
Columbus Clippers,Iowa Cubs,"[3, 2]"
Gwinnett Stripers,Nashville Sounds,"[13, 9]"
Syracuse Mets,Lehigh Valley IronPigs,"[3, 5]"
Louisville Bats,St. Paul,"[2, 7]"
Gwinnett Stripers,Nashville Sounds,"[2, 4]"
Columbus Clippers,Iowa Cubs,"[6, 3]"
Rochester Red Wings,Scranton/WB,"[0, 3]"
Norfolk Tides,Memphis Redbirds,"[5, 4]"
Durham Bulls,Charlotte Knights,"[7, 0]"
Buffalo Bisons,Worcester,"[5, 2]"
Toledo Mud Hens,Omaha Storm Chasers,"[5, 7]"
Jacksonville Jumbo Shrimp,Indianapolis Indians,"[3, 1]"
Norfolk Tides,Memphis Redbirds,"[3, 5]"
Syracuse Mets,Lehigh Valley IronPigs,"[14, 4]"
Louisville Bats,St. Paul,"[4, 18]"
Durham Bulls,Charlotte Knights,"[4, 3]"
Buffalo Bisons,Worcester,"[1, 14]"
Rochester Red Wings,Scranton/WB,"[5, 4]"
Jacksonville Jumbo Shrimp,Indianapolis Indians,"[1, 4]"
Gwinnett Stripers,Nashville Sounds,"[8, 7]"
Columbus Clippers,Iowa Cubs,"[9, 7]"
Toledo Mud Hens,Omaha Storm Chasers,"[2, 5]"
Norfolk Tides,Memphis Redbirds,"[9, 2]"
Syracuse Mets,Lehigh Valley IronPigs,"[7, 3]"
Durham Bulls,Charlotte Knights,"[5, 2]"
Rochester Red Wings,Scranton/WB,"[2, 1]"
Jacksonville Jumbo Shrimp,Indianapolis Indians,"[2, 3]"
Gwinnett Stripers,Nashville Sounds,"[12, 0]"
Columbus Clippers,Iowa Cubs,"[6, 3]"
Buffalo Bisons,Worcester,"[8, 3]"
Louisville Bats,St. Paul,"[5, 9]"
Toledo Mud Hens,Omaha Storm Chasers,"[2, 6]"
Gwinnett Stripers,Nashville Sounds,"[4, 3]"
Syracuse Mets,Lehigh Valley IronPigs,"[2, 4]"
Norfolk Tides,Memphis Redbirds,"[6, 2]"
Jacksonville Jumbo Shrimp,Indianapolis Indians,"[2, 6]"
Durham Bulls,Charlotte Knights,"[4, 6]"
Buffalo Bisons,Worcester,"[2, 4]"
Rochester Red Wings,Scranton/WB,"[7, 3]"
Toledo Mud Hens,Omaha Storm Chasers,"[4, 7]"
Columbus Clippers,Iowa Cubs,"[2, 3]"
Louisville Bats,St. Paul,"[1, 3]"
Norfolk Tides,Memphis Redbirds,"[1, 6]"
Syracuse Mets,Lehigh Valley IronPigs,"[9, 3]"
Rochester Red Wings,Scranton/WB,"[8, 1]"
Louisville Bats,St. Paul,"[3, 6]"
Gwinnett Stripers,Nashville Sounds,"[5, 4]"
Columbus Clippers,Iowa Cubs,"[6, 11]"
Buffalo Bisons,Worcester,"[6, 12]"
Toledo Mud Hens,Omaha Storm Chasers,"[1, 2]"
Jacksonville Jumbo Shrimp,Indianapolis Indians,"[5, 0]"
Durham Bulls,Charlotte Knights,"[0, 2]"
Omaha Storm Chasers,Louisville Bats,"[9, 4]"
Memphis Redbirds,Jacksonville Jumbo Shrimp,"[4, 7]"
Syracuse Mets,Rochester Red Wings,"[12, 2]"
Scranton/WB,Buffalo Bisons,"[11, 10]"
Worcester,Columbus Clippers,"[4, 16]"
Charlotte Knights,Gwinnett Stripers,"[4, 3]"
Lehigh Valley IronPigs,Norfolk Tides,"[9, 5]"
Indianapolis Indians,Iowa Cubs,"[4, 2]"
Nashville Sounds,Durham Bulls,"[4, 6]"
St. Paul,Toledo Mud Hens,"[5, 4]"
St. Paul,Toledo Mud Hens,"[8, 7]"
Syracuse Mets,Rochester Red Wings,"[8, 2]"
Scranton/WB,Buffalo Bisons,"[8, 2]"
Worcester,Columbus Clippers,"[10, 4]"
Charlotte Knights,Gwinnett Stripers,"[9, 3]"
Lehigh Valley IronPigs,Norfolk Tides,"[4, 3]"
Indianapolis Indians,Iowa Cubs,"[2, 0]"
Nashville Sounds,Durham Bulls,"[9, 4]"
Omaha Storm Chasers,Louisville Bats,"[7, 1]"
Memphis Redbirds,Jacksonville Jumbo Shrimp,"[3, 2]"
Syracuse Mets,Rochester Red Wings,"[8, 6]"
Scranton/WB,Buffalo Bisons,"[4, 9]"
Worcester,Columbus Clippers,"[6, 7]"
Charlotte Knights,Gwinnett Stripers,"[7, 5]"
Lehigh Valley IronPigs,Norfolk Tides,"[9, 7]"
Indianapolis Indians,Iowa Cubs,"[0, 1]"
Nashville Sounds,Durham Bulls,"[3, 4]"
Omaha Storm Chasers,Louisville Bats,"[1, 4]"
Memphis Redbirds,Jacksonville Jumbo Shrimp,"[5, 2]"
St. Paul,Toledo Mud Hens,"[8, 5]"
Syracuse Mets,Rochester Red Wings,"[3, 1]"
Worcester,Columbus Clippers,"[6, 2]"
Charlotte Knights,Gwinnett Stripers,"[4, 0]"
Lehigh Valley IronPigs,Norfolk Tides,"[7, 3]"
Indianapolis Indians,Iowa Cubs,"[5, 2]"
Nashville Sounds,Durham Bulls,"[7, 4]"
Omaha Storm Chasers,Louisville Bats,"[3, 5]"
Memphis Redbirds,Jacksonville Jumbo Shrimp,"[3, 6]"
St. Paul,Toledo Mud Hens,"[4, 2]"
Scranton/WB,Buffalo Bisons,"[10, 21]"
Worcester,Columbus Clippers,"[2, 0]"
Charlotte Knights,Gwinnett Stripers,"[2, 9]"
Syracuse Mets,Rochester Red Wings,"[1, 9]"
Lehigh Valley IronPigs,Norfolk Tides,"[8, 14]"
Omaha Storm Chasers,Louisville Bats,"[4, 5]"
Indianapolis Indians,Iowa Cubs,"[2, 3]"
Nashville Sounds,Durham Bulls,"[4, 14]"
Memphis Redbirds,Jacksonville Jumbo Shrimp,"[1, 3]"
St. Paul,Toledo Mud Hens,"[9, 7]"
Scranton/WB,Buffalo Bisons,"[18, 9]"
Worcester,Columbus Clippers,"[7, 9]"
Syracuse Mets,Rochester Red Wings,"[2, 3]"
Lehigh Valley IronPigs,Norfolk Tides,"[7, 6]"
Indianapolis Indians,Iowa Cubs,"[6, 4]"
Memphis Redbirds,Jacksonville Jumbo Shrimp,"[6, 7]"
Nashville Sounds,Durham Bulls,"[5, 4]"
St. Paul,Toledo Mud Hens,"[9, 20]"
Charlotte Knights,Gwinnett Stripers,"[7, 5]"
Omaha Storm Chasers,Louisville Bats,"[2, 4]"
Norfolk Tides,Charlotte Knights,"[2, 4]"
Scranton/WB,Worcester,"[5, 6]"
Durham Bulls,Lehigh Valley IronPigs,"[2, 9]"
Buffalo Bisons,Syracuse Mets,"[2, 10]"
Rochester Red Wings,Indianapolis Indians,"[3, 1]"
Toledo Mud Hens,Louisville Bats,"[14, 4]"
Jacksonville Jumbo Shrimp,Nashville Sounds,"[2, 0]"
Gwinnett Stripers,Memphis Redbirds,"[5, 1]"
Columbus Clippers,Omaha Storm Chasers,"[1, 6]"
Iowa Cubs,St. Paul,"[5, 6]"
Jacksonville Jumbo Shrimp,Nashville Sounds,"[11, 12]"
Buffalo Bisons,Syracuse Mets,"[4, 7]"
Iowa Cubs,St. Paul,"[7, 9]"
Norfolk Tides,Charlotte Knights,"[4, 6]"
Durham Bulls,Lehigh Valley IronPigs,"[7, 2]"
Gwinnett Stripers,Memphis Redbirds,"[4, 6]"
Norfolk Tides,Charlotte Knights,"[14, 4]"
Columbus Clippers,Omaha Storm Chasers,"[8, 3]"
Rochester Red Wings,Indianapolis Indians,"[4, 3]"
Rochester Red Wings,Indianapolis Indians,"[5, 4]"
Scranton/WB,Worcester,"[3, 8]"
Scranton/WB,Worcester,"[6, 5]"
Durham Bulls,Lehigh Valley IronPigs,"[6, 5]"
Buffalo Bisons,Syracuse Mets,"[5, 1]"
Toledo Mud Hens,Louisville Bats,"[9, 4]"
Jacksonville Jumbo Shrimp,Nashville Sounds,"[10, 0]"
Gwinnett Stripers,Memphis Redbirds,"[0, 4]"
Iowa Cubs,St. Paul,"[11, 9]"
Columbus Clippers,Omaha Storm Chasers,"[5, 4]"
Toledo Mud Hens,Louisville Bats,"[2, 4]"
Scranton/WB,Worcester,"[7, 5]"
Norfolk Tides,Charlotte Knights,"[2, 9]"
Durham Bulls,Lehigh Valley IronPigs,"[3, 9]"
Rochester Red Wings,Indianapolis Indians,"[14, 7]"
Jacksonville Jumbo Shrimp,Nashville Sounds,"[2, 6]"
Columbus Clippers,Omaha Storm Chasers,"[5, 0]"
Buffalo Bisons,Syracuse Mets,"[4, 9]"
Gwinnett Stripers,Memphis Redbirds,"[4, 8]"
Toledo Mud Hens,Louisville Bats,"[5, 6]"
Iowa Cubs,St. Paul,"[8, 1]"
Gwinnett Stripers,Memphis Redbirds,"[5, 4]"
Jacksonville Jumbo Shrimp,Nashville Sounds,"[6, 4]"
Norfolk Tides,Charlotte Knights,"[1, 0]"
Durham Bulls,Lehigh Valley IronPigs,"[4, 10]"
Buffalo Bisons,Syracuse Mets,"[5, 8]"
Rochester Red Wings,Indianapolis Indians,"[4, 13]"
Toledo Mud Hens,Louisville Bats,"[2, 0]"
Columbus Clippers,Omaha Storm Chasers,"[5, 7]"
Iowa Cubs,St. Paul,"[2, 8]"
Scranton/WB,Worcester,"[5, 15]"
Rochester Red Wings,Indianapolis Indians,"[12, 8]"
Gwinnett Stripers,Memphis Redbirds,"[5, 8]"
Columbus Clippers,Omaha Storm Chasers,"[9, 12]"
Buffalo Bisons,Syracuse Mets,"[8, 3]"
Jacksonville Jumbo Shrimp,Nashville Sounds,"[6, 7]"
Iowa Cubs,St. Paul,"[9, 1]"
Toledo Mud Hens,Louisville Bats,"[0, 2]"
Durham Bulls,Lehigh Valley IronPigs,"[3, 6]"
Norfolk Tides,Durham Bulls,"[3, 2]"
Syracuse Mets,Worcester,"[3, 5]"
Buffalo Bisons,Rochester Red Wings,"[8, 7]"
Louisville Bats,Indianapolis Indians,"[2, 3]"
Toledo Mud Hens,Columbus Clippers,"[3, 5]"
Jacksonville Jumbo Shrimp,Charlotte Knights,"[2, 6]"
Omaha Storm Chasers,Iowa Cubs,"[5, 1]"
Memphis Redbirds,Nashville Sounds,"[1, 6]"
Syracuse Mets,Worcester,"[4, 16]"
Norfolk Tides,Durham Bulls,"[12, 13]"
Louisville Bats,Indianapolis Indians,"[2, 8]"
Buffalo Bisons,Rochester Red Wings,"[4, 10]"
Lehigh Valley IronPigs,Scranton/WB,"[5, 3]"
Toledo Mud Hens,Columbus Clippers,"[5, 2]"
Jacksonville Jumbo Shrimp,Charlotte Knights,"[8, 0]"
Omaha Storm Chasers,Iowa Cubs,"[3, 4]"
Memphis Redbirds,Nashville Sounds,"[13, 11]"
St. Paul,Gwinnett Stripers,"[5, 2]"
Lehigh Valley IronPigs,Scranton/WB,"[4, 2]"
Syracuse Mets,Worcester,"[8, 6]"
Jacksonville Jumbo Shrimp,Charlotte Knights,"[3, 2]"
Buffalo Bisons,Rochester Red Wings,"[1, 3]"
Norfolk Tides,Durham Bulls,"[2, 3]"
Memphis Redbirds,Nashville Sounds,"[3, 4]"
Toledo Mud Hens,Columbus Clippers,"[2, 4]"
Lehigh Valley IronPigs,Scranton/WB,"[6, 9]"
St. Paul,Gwinnett Stripers,"[6, 21]"
Omaha Storm Chasers,Iowa Cubs,"[7, 3]"
Columbus Clippers,Toledo Mud Hens,"[3, 5]"
Charlotte Knights,Jacksonville Jumbo Shrimp,"[8, 3]"
Durham Bulls,Norfolk Tides,"[7, 17]"
Indianapolis Indians,Louisville Bats,"[5, 3]"
Scranton/WB,Lehigh Valley IronPigs,"[5, 7]"
Rochester Red Wings,Buffalo Bisons,"[11, 2]"
Worcester,Syracuse Mets,"[1, 9]"
Nashville Sounds,Memphis Redbirds,"[3, 10]"
St. Paul,Gwinnett Stripers,"[0, 11]"
Iowa Cubs,Omaha Storm Chasers,"[5, 4]"
Scranton/WB,Lehigh Valley IronPigs,"[7, 5]"
Durham Bulls,Norfolk Tides,"[5, 2]"
Rochester Red Wings,Buffalo Bisons,"[7, 3]"
Worcester,Syracuse Mets,"[2, 4]"
Charlotte Knights,Jacksonville Jumbo Shrimp,"[3, 5]"
Columbus Clippers,Toledo Mud Hens,"[4, 3]"
Indianapolis Indians,Louisville Bats,"[7, 6]"
Nashville Sounds,Memphis Redbirds,"[4, 7]"
St. Paul,Gwinnett Stripers,"[11, 5]"
Iowa Cubs,Omaha Storm Chasers,"[6, 5]"
Worcester,Syracuse Mets,"[4, 0]"
Columbus Clippers,Toledo Mud Hens,"[5, 6]"
Rochester Red Wings,Buffalo Bisons,"[7, 6]"
Scranton/WB,Lehigh Valley IronPigs,"[3, 5]"
Durham Bulls,Norfolk Tides,"[14, 5]"
Indianapolis Indians,Louisville Bats,"[5, 8]"
Iowa Cubs,Omaha Storm Chasers,"[6, 5]"
Nashville Sounds,Memphis Redbirds,"[4, 1]"
St. Paul,Gwinnett Stripers,"[1, 4]"
St. Paul,Gwinnett Stripers,"[4, 3]"
Lehigh Valley IronPigs,Buffalo Bisons,"[5, 7]"
Syracuse Mets,Scranton/WB,"[6, 8]"
Louisville Bats,St. Paul,"[8, 1]"
Worcester,Rochester Red Wings,"[1, 5]"
Charlotte Knights,Durham Bulls,"[7, 10]"
Gwinnett Stripers,Jacksonville Jumbo Shrimp,"[3, 2]"
Nashville Sounds,Iowa Cubs,"[3, 1]"
Memphis Redbirds,Norfolk Tides,"[4, 6]"
Omaha Storm Chasers,Toledo Mud Hens,"[9, 7]"
Gwinnett Stripers,Jacksonville Jumbo Shrimp,"[10, 5]"
Charlotte Knights,Durham Bulls,"[4, 7]"
Worcester,Rochester Red Wings,"[7, 6]"
Omaha Storm Chasers,Toledo Mud Hens,"[10, 9]"
Indianapolis Indians,Columbus Clippers,"[1, 3]"
Louisville Bats,St. Paul,"[6, 5]"
Lehigh Valley IronPigs,Buffalo Bisons,"[12, 5]"
Nashville Sounds,Iowa Cubs,"[11, 2]"
Memphis Redbirds,Norfolk Tides,"[7, 2]"
Syracuse Mets,Scranton/WB,"[6, 5]"
Louisville Bats,St. Paul,"[3, 2]"
Syracuse Mets,Scranton/WB,"[2, 1]"
Worcester,Rochester Red Wings,"[3, 6]"
Charlotte Knights,Durham Bulls,"[0, 3]"
Gwinnett Stripers,Jacksonville Jumbo Shrimp,"[1, 3]"
Lehigh Valley IronPigs,Buffalo Bisons,"[8, 6]"
Nashville Sounds,Iowa Cubs,"[10, 4]"
Memphis Redbirds,Norfolk Tides,"[2, 3]"
Omaha Storm Chasers,Toledo Mud Hens,"[4, 0]"
Indianapolis Indians,Columbus Clippers,"[5, 2]"
Syracuse Mets,Scranton/WB,"[4, 3]"
Worcester,Rochester Red Wings,"[12, 5]"
Charlotte Knights,Durham Bulls,"[9, 4]"
Indianapolis Indians,Columbus Clippers,"[2, 8]"
Lehigh Valley IronPigs,Buffalo Bisons,"[4, 2]"
Gwinnett Stripers,Jacksonville Jumbo Shrimp,"[7, 6]"
Louisville Bats,St. Paul,"[5, 1]"
Nashville Sounds,Iowa Cubs,"[5, 2]"
Omaha Storm Chasers,Toledo Mud Hens,"[6, 12]"
Memphis Redbirds,Norfolk Tides,"[1, 11]"
Worcester,Rochester Red Wings,"[3, 4]"
Gwinnett Stripers,Jacksonville Jumbo Shrimp,"[4, 3]"
Charlotte Knights,Durham Bulls,"[7, 5]"
Syracuse Mets,Scranton/WB,"[7, 4]"
Lehigh Valley IronPigs,Buffalo Bisons,"[7, 2]"
Omaha Storm Chasers,Toledo Mud Hens,"[18, 4]"
Indianapolis Indians,Columbus Clippers,"[3, 4]"
Louisville Bats,St. Paul,"[5, 4]"
Nashville Sounds,Iowa Cubs,"[3, 4]"
Memphis Redbirds,Norfolk Tides,"[7, 12]"
Worcester,Rochester Red Wings,"[5, 0]"
Syracuse Mets,Scranton/WB,"[2, 3]"
Louisville Bats,St. Paul,"[9, 4]"
Lehigh Valley IronPigs,Buffalo Bisons,"[0, 1]"
Gwinnett Stripers,Jacksonville Jumbo Shrimp,"[1, 2]"
Indianapolis Indians,Columbus Clippers,"[5, 6]"
Nashville Sounds,Iowa Cubs,"[3, 2]"
Memphis Redbirds,Norfolk Tides,"[8, 5]"
Charlotte Knights,Durham Bulls,"[9, 5]"
Omaha Storm Chasers,Toledo Mud Hens,"[6, 3]"
Norfolk Tides,Nashville Sounds,"[12, 11]"
Syracuse Mets,Rochester Red Wings,"[13, 2]"
Toledo Mud Hens,St. Paul,"[6, 8]"
Lehigh Valley IronPigs,Worcester,"[3, 14]"
Buffalo Bisons,Scranton/WB,"[1, 0]"
Louisville Bats,Columbus Clippers,"[4, 6]"
Omaha Storm Chasers,Indianapolis Indians,"[1, 8]"
Memphis Redbirds,Iowa Cubs,"[3, 4]"
Gwinnett Stripers,Charlotte Knights,"[4, 5]"
Jacksonville Jumbo Shrimp,Durham Bulls,"[3, 2]"
Gwinnett Stripers,Charlotte Knights,"[0, 2]"
Syracuse Mets,Rochester Red Wings,"[8, 5]"
Buffalo Bisons,Scranton/WB,"[3, 8]"
Lehigh Valley IronPigs,Worcester,"[4, 3]"
Omaha Storm Chasers,Indianapolis Indians,"[7, 4]"
Toledo Mud Hens,St. Paul,"[3, 11]"
Louisville Bats,Columbus Clippers,"[6, 4]"
Memphis Redbirds,Iowa Cubs,"[2, 1]"
Jacksonville Jumbo Shrimp,Durham Bulls,"[6, 4]"
Syracuse Mets,Rochester Red Wings,"[4, 3]"
Gwinnett Stripers,Charlotte Knights,"[10, 2]"
Buffalo Bisons,Scranton/WB,"[0, 4]"
Lehigh Valley IronPigs,Worcester,"[6, 4]"
Norfolk Tides,Nashville Sounds,"[2, 3]"
Memphis Redbirds,Iowa Cubs,"[3, 4]"
Norfolk Tides,Nashville Sounds,"[9, 1]"
Toledo Mud Hens,St. Paul,"[3, 10]"
Jacksonville Jumbo Shrimp,Durham Bulls,"[6, 2]"
Omaha Storm Chasers,Indianapolis Indians,"[3, 2]"
Louisville Bats,Columbus Clippers,"[2, 5]"
Columbus Clippers,Memphis Redbirds,"[8, 6]"
Scranton/WB,Worcester,"[8, 4]"
Durham Bulls,Gwinnett Stripers,"[3, 11]"
Buffalo Bisons,Syracuse Mets,"[7, 6]"
Rochester Red Wings,Lehigh Valley IronPigs,"[4, 3]"
Toledo Mud Hens,Louisville Bats,"[11, 10]"
Nashville Sounds,Charlotte Knights,"[2, 7]"
Iowa Cubs,Indianapolis Indians,"[6, 13]"
St. Paul,Omaha Storm Chasers,"[1, 3]"
Columbus Clippers,Memphis Redbirds,"[2, 1]"
Buffalo Bisons,Syracuse Mets,"[6, 2]"
Iowa Cubs,Indianapolis Indians,"[3, 14]"
St. Paul,Omaha Storm Chasers,"[6, 2]"
Scranton/WB,Worcester,"[8, 1]"
Norfolk Tides,Jacksonville Jumbo Shrimp,"[6, 5]"
Rochester Red Wings,Lehigh Valley IronPigs,"[2, 10]"
Durham Bulls,Gwinnett Stripers,"[7, 6]"
Scranton/WB,Worcester,"[4, 7]"
Toledo Mud Hens,Louisville Bats,"[9, 4]"
Norfolk Tides,Jacksonville Jumbo Shrimp,"[0, 1]"
Nashville Sounds,Charlotte Knights,"[5, 3]"
Rochester Red Wings,Lehigh Valley IronPigs,"[4, 11]"
Scranton/WB,Worcester,"[7, 2]"
Durham Bulls,Gwinnett Stripers,"[2, 6]"
Buffalo Bisons,Syracuse Mets,"[6, 4]"
Toledo Mud Hens,Louisville Bats,"[4, 0]"
Columbus Clippers,Memphis Redbirds,"[5, 6]"
Nashville Sounds,Charlotte Knights,"[6, 5]"
Iowa Cubs,Indianapolis Indians,"[2, 7]"
St. Paul,Omaha Storm Chasers,"[5, 2]"
Norfolk Tides,Jacksonville Jumbo Shrimp,"[3, 4]"
Scranton/WB,Worcester,"[8, 5]"
Durham Bulls,Gwinnett Stripers,"[5, 10]"
Rochester Red Wings,Lehigh Valley IronPigs,"[10, 6]"
Toledo Mud Hens,Louisville Bats,"[7, 4]"
Columbus Clippers,Memphis Redbirds,"[5, 3]"
Buffalo Bisons,Syracuse Mets,"[5, 3]"
Norfolk Tides,Jacksonville Jumbo Shrimp,"[1, 5]"
Nashville Sounds,Charlotte Knights,"[9, 1]"
St. Paul,Omaha Storm Chasers,"[6, 1]"
Iowa Cubs,Indianapolis Indians,"[3, 7]"
Scranton/WB,Worcester,"[9, 7]"
Norfolk Tides,Jacksonville Jumbo Shrimp,"[5, 4]"
Durham Bulls,Gwinnett Stripers,"[3, 0]"
Buffalo Bisons,Syracuse Mets,"[3, 6]"
Rochester Red Wings,Lehigh Valley IronPigs,"[4, 7]"
Toledo Mud Hens,Louisville Bats,"[4, 3]"
Columbus Clippers,Memphis Redbirds,"[10, 8]"
Iowa Cubs,Indianapolis Indians,"[5, 8]"
Nashville Sounds,Charlotte Knights,"[1, 8]"
St. Paul,Omaha Storm Chasers,"[2, 9]"
Rochester Red Wings,Lehigh Valley IronPigs,"[4, 1]"
Scranton/WB,Worcester,"[5, 6]"
Columbus Clippers,Memphis Redbirds,"[10, 3]"
Buffalo Bisons,Syracuse Mets,"[9, 3]"
Toledo Mud Hens,Louisville Bats,"[10, 5]"
Iowa Cubs,Indianapolis Indians,"[8, 9]"
St. Paul,Omaha Storm Chasers,"[1, 9]"
Norfolk Tides,Jacksonville Jumbo Shrimp,"[5, 4]"
Durham Bulls,Gwinnett Stripers,"[4, 3]"
Norfolk Tides,Charlotte Knights,"[4, 6]"
Scranton/WB,Louisville Bats,"[2, 1]"
Durham Bulls,Memphis Redbirds,"[11, 6]"
Worcester,Buffalo Bisons,"[11, 6]"
Rochester Red Wings,Omaha Storm Chasers,"[15, 4]"
Charlotte Knights,Norfolk Tides,"[2, 6]"
Jacksonville Jumbo Shrimp,Lehigh Valley IronPigs,"[7, 3]"
Indianapolis Indians,Toledo Mud Hens,"[7, 5]"
Gwinnett Stripers,Nashville Sounds,"[3, 9]"
Columbus Clippers,Syracuse Mets,"[1, 7]"
Iowa Cubs,St. Paul,"[4, 5]"
Columbus Clippers,Syracuse Mets,"[12, 8]"
Scranton/WB,Louisville Bats,"[6, 2]"
Rochester Red Wings,Omaha Storm Chasers,"[3, 2]"
Iowa Cubs,St. Paul,"[0, 11]"
Durham Bulls,Memphis Redbirds,"[4, 7]"
Charlotte Knights,Norfolk Tides,"[6, 2]"
Indianapolis Indians,Toledo Mud Hens,"[7, 5]"
Gwinnett Stripers,Nashville Sounds,"[6, 3]"
Worcester,Buffalo Bisons,"[9, 8]"
Worcester,Buffalo Bisons,"[5, 8]"
Jacksonville Jumbo Shrimp,Lehigh Valley IronPigs,"[4, 8]"
Scranton/WB,Louisville Bats,"[8, 10]"
Durham Bulls,Memphis Redbirds,"[6, 9]"
Rochester Red Wings,Omaha Storm Chasers,"[7, 3]"
Charlotte Knights,Norfolk Tides,"[10, 18]"
Jacksonville Jumbo Shrimp,Lehigh Valley IronPigs,"[0, 5]"
Indianapolis Indians,Toledo Mud Hens,"[7, 3]"
Gwinnett Stripers,Nashville Sounds,"[1, 2]"
Columbus Clippers,Syracuse Mets,"[6, 5]"
Iowa Cubs,St. Paul,"[2, 8]"
Scranton/WB,Louisville Bats,"[2, 4]"
Durham Bulls,Memphis Redbirds,"[6, 5]"
Rochester Red Wings,Omaha Storm Chasers,"[0, 1]"
Worcester,Buffalo Bisons,"[3, 5]"
Charlotte Knights,Norfolk Tides,"[7, 6]"
Jacksonville Jumbo Shrimp,Lehigh Valley IronPigs,"[5, 14]"
Indianapolis Indians,Toledo Mud Hens,"[4, 5]"
Gwinnett Stripers,Nashville Sounds,"[11, 2]"
Iowa Cubs,St. Paul,"[5, 1]"
Scranton/WB,Louisville Bats,"[8, 2]"
Worcester,Buffalo Bisons,"[10, 7]"
Columbus Clippers,Syracuse Mets,"[7, 1]"
Gwinnett Stripers,Nashville Sounds,"[8, 5]"
Charlotte Knights,Norfolk Tides,"[12, 1]"
Jacksonville Jumbo Shrimp,Lehigh Valley IronPigs,"[6, 5]"
Durham Bulls,Memphis Redbirds,"[2, 3]"
Rochester Red Wings,Omaha Storm Chasers,"[0, 2]"
Columbus Clippers,Syracuse Mets,"[3, 0]"
Indianapolis Indians,Toledo Mud Hens,"[7, 8]"
Iowa Cubs,St. Paul,"[1, 5]"
Worcester,Buffalo Bisons,"[1, 10]"
Scranton/WB,Louisville Bats,"[5, 2]"
Rochester Red Wings,Omaha Storm Chasers,"[1, 9]"
Gwinnett Stripers,Nashville Sounds,"[4, 6]"
Columbus Clippers,Syracuse Mets,"[4, 1]"
Indianapolis Indians,Toledo Mud Hens,"[8, 10]"
Iowa Cubs,St. Paul,"[10, 9]"
Durham Bulls,Memphis Redbirds,"[6, 8]"
Charlotte Knights,Norfolk Tides,"[2, 4]"
Syracuse Mets,Worcester,"[8, 6]"
Norfolk Tides,Durham Bulls,"[3, 10]"
Louisville Bats,Charlotte Knights,"[5, 10]"
Toledo Mud Hens,Jacksonville Jumbo Shrimp,"[9, 2]"
Nashville Sounds,Indianapolis Indians,"[8, 4]"
Memphis Redbirds,Gwinnett Stripers,"[7, 6]"
Omaha Storm Chasers,Iowa Cubs,"[2, 4]"
St. Paul,Columbus Clippers,"[4, 7]"
Syracuse Mets,Worcester,"[6, 9]"
Buffalo Bisons,Rochester Red Wings,"[5, 10]"
St. Paul,Columbus Clippers,"[4, 2]"
Buffalo Bisons,Rochester Red Wings,"[5, 3]"
Louisville Bats,Charlotte Knights,"[6, 2]"
Toledo Mud Hens,Jacksonville Jumbo Shrimp,"[4, 6]"
Nashville Sounds,Indianapolis Indians,"[3, 4]"
Memphis Redbirds,Gwinnett Stripers,"[2, 1]"
Omaha Storm Chasers,Iowa Cubs,"[6, 2]"
Norfolk Tides,Durham Bulls,"[2, 1]"
Norfolk Tides,Durham Bulls,"[1, 2]"
Lehigh Valley IronPigs,Scranton/WB,"[1, 8]"
Syracuse Mets,Worcester,"[3, 6]"
Louisville Bats,Charlotte Knights,"[5, 4]"
Buffalo Bisons,Rochester Red Wings,"[3, 2]"
Toledo Mud Hens,Jacksonville Jumbo Shrimp,"[3, 6]"
Nashville Sounds,Indianapolis Indians,"[3, 1]"
Memphis Redbirds,Gwinnett Stripers,"[4, 5]"
Omaha Storm Chasers,Iowa Cubs,"[2, 3]"
St. Paul,Columbus Clippers,"[2, 1]"
Norfolk Tides,Durham Bulls,"[4, 3]"
Toledo Mud Hens,Jacksonville Jumbo Shrimp,"[7, 6]"
Lehigh Valley IronPigs,Scranton/WB,"[1, 4]"
Buffalo Bisons,Rochester Red Wings,"[4, 10]"
Louisville Bats,Charlotte Knights,"[6, 4]"
Nashville Sounds,Indianapolis Indians,"[0, 6]"
Omaha Storm Chasers,Iowa Cubs,"[3, 6]"
Memphis Redbirds,Gwinnett Stripers,"[3, 9]"
St. Paul,Columbus Clippers,"[3, 5]"
Syracuse Mets,Worcester,"[4, 5]"
Lehigh Valley IronPigs,Scranton/WB,"[3, 9]"
Norfolk Tides,Durham Bulls,"[4, 5]"
Buffalo Bisons,Rochester Red Wings,"[2, 1]"
Lehigh Valley IronPigs,Scranton/WB,"[6, 4]"
Syracuse Mets,Worcester,"[5, 2]"
Omaha Storm Chasers,Iowa Cubs,"[16, 3]"
Toledo Mud Hens,Jacksonville Jumbo Shrimp,"[8, 7]"
Louisville Bats,Charlotte Knights,"[5, 11]"
Nashville Sounds,Indianapolis Indians,"[3, 0]"
Memphis Redbirds,Gwinnett Stripers,"[8, 2]"
St. Paul,Columbus Clippers,"[8, 11]"
Louisville Bats,Charlotte Knights,"[4, 3]"
Buffalo Bisons,Rochester Red Wings,"[8, 10]"
Lehigh Valley IronPigs,Scranton/WB,"[2, 6]"
Memphis Redbirds,Gwinnett Stripers,"[5, 4]"
St. Paul,Columbus Clippers,"[5, 6]"
Toledo Mud Hens,Jacksonville Jumbo Shrimp,"[6, 7]"
Norfolk Tides,Durham Bulls,"[7, 2]"
Omaha Storm Chasers,Iowa Cubs,"[4, 3]"
Nashville Sounds,Indianapolis Indians,"[3, 0]"
Scranton/WB,Buffalo Bisons,"[6, 4]"
Durham Bulls,Nashville Sounds,"[8, 3]"
Rochester Red Wings,Syracuse Mets,"[8, 1]"
Worcester,Lehigh Valley IronPigs,"[4, 3]"
Charlotte Knights,Toledo Mud Hens,"[3, 1]"
Jacksonville Jumbo Shrimp,Memphis Redbirds,"[4, 3]"
Gwinnett Stripers,Norfolk Tides,"[5, 4]"
Indianapolis Indians,St. Paul,"[5, 4]"
Omaha Storm Chasers,Louisville Bats,"[2, 9]"
Rochester Red Wings,Syracuse Mets,"[11, 2]"
Indianapolis Indians,St. Paul,"[6, 5]"
Scranton/WB,Buffalo Bisons,"[3, 1]"
Durham Bulls,Nashville Sounds,"[10, 9]"
Worcester,Lehigh Valley IronPigs,"[2, 1]"
Charlotte Knights,Toledo Mud Hens,"[4, 6]"
Jacksonville Jumbo Shrimp,Memphis Redbirds,"[7, 2]"
Gwinnett Stripers,Norfolk Tides,"[13, 3]"
Omaha Storm Chasers,Louisville Bats,"[5, 4]"
Iowa Cubs,Columbus Clippers,"[5, 9]"
Scranton/WB,Buffalo Bisons,"[8, 2]"
Durham Bulls,Nashville Sounds,"[0, 1]"
Worcester,Lehigh Valley IronPigs,"[1, 4]"
Rochester Red Wings,Syracuse Mets,"[4, 2]"
Charlotte Knights,Toledo Mud Hens,"[3, 2]"
Jacksonville Jumbo Shrimp,Memphis Redbirds,"[0, 6]"
Indianapolis Indians,St. Paul,"[6, 4]"
Gwinnett Stripers,Norfolk Tides,"[15, 1]"
Omaha Storm Chasers,Louisville Bats,"[8, 0]"
Iowa Cubs,Columbus Clippers,"[5, 1]"
Jacksonville Jumbo Shrimp,Memphis Redbirds,"[2, 1]"
Scranton/WB,Buffalo Bisons,"[3, 2]"
Durham Bulls,Nashville Sounds,"[3, 2]"
Worcester,Lehigh Valley IronPigs,"[3, 0]"
Rochester Red Wings,Syracuse Mets,"[9, 2]"
Charlotte Knights,Toledo Mud Hens,"[1, 5]"
Indianapolis Indians,St. Paul,"[3, 2]"
Gwinnett Stripers,Norfolk Tides,"[7, 0]"
Jacksonville Jumbo Shrimp,Memphis Redbirds,"[5, 10]"
Omaha Storm Chasers,Louisville Bats,"[10, 0]"
Iowa Cubs,Columbus Clippers,"[4, 3]"
Charlotte Knights,Toledo Mud Hens,"[6, 4]"
Worcester,Lehigh Valley IronPigs,"[3, 0]"
Iowa Cubs,Columbus Clippers,"[12, 3]"
Scranton/WB,Buffalo Bisons,"[1, 9]"
Gwinnett Stripers,Norfolk Tides,"[7, 5]"
Durham Bulls,Nashville Sounds,"[7, 4]"
Rochester Red Wings,Syracuse Mets,"[9, 1]"
Omaha Storm Chasers,Louisville Bats,"[5, 6]"
Indianapolis Indians,St. Paul,"[3, 0]"
Iowa Cubs,Columbus Clippers,"[1, 5]"
Worcester,Lehigh Valley IronPigs,"[10, 8]"
Scranton/WB,Buffalo Bisons,"[5, 7]"
Rochester Red Wings,Syracuse Mets,"[4, 8]"
Gwinnett Stripers,Norfolk Tides,"[7, 8]"
Indianapolis Indians,St. Paul,"[7, 6]"
Iowa Cubs,Columbus Clippers,"[2, 7]"
Jacksonville Jumbo Shrimp,Memphis Redbirds,"[10, 9]"
Durham Bulls,Nashville Sounds,"[2, 4]"
Charlotte Knights,Toledo Mud Hens,"[3, 8]"
Omaha Storm Chasers,Louisville Bats,"[1, 0]"
Columbus Clippers,Indianapolis Indians,"[2, 1]"
Norfolk Tides,Worcester,"[5, 8]"
Toledo Mud Hens,Iowa Cubs,"[5, 6]"
Syracuse Mets,Durham Bulls,"[3, 2]"
Louisville Bats,Gwinnett Stripers,"[1, 3]"
Buffalo Bisons,Omaha Storm Chasers,"[3, 7]"
Lehigh Valley IronPigs,Rochester Red Wings,"[4, 9]"
Nashville Sounds,Jacksonville Jumbo Shrimp,"[9, 5]"
Memphis Redbirds,Charlotte Knights,"[8, 7]"
St. Paul,Scranton/WB,"[4, 9]"
Columbus Clippers,Indianapolis Indians,"[5, 1]"
Buffalo Bisons,Omaha Storm Chasers,"[2, 5]"
Syracuse Mets,Durham Bulls,"[6, 11]"
Norfolk Tides,Worcester,"[3, 12]"
Toledo Mud Hens,Iowa Cubs,"[3, 2]"
Louisville Bats,Gwinnett Stripers,"[3, 6]"
Lehigh Valley IronPigs,Rochester Red Wings,"[1, 4]"
Nashville Sounds,Jacksonville Jumbo Shrimp,"[0, 5]"
Memphis Redbirds,Charlotte Knights,"[8, 7]"
St. Paul,Scranton/WB,"[7, 6]"
Norfolk Tides,Worcester,"[3, 5]"
Columbus Clippers,Indianapolis Indians,"[8, 9]"
Toledo Mud Hens,Iowa Cubs,"[3, 5]"
Syracuse Mets,Durham Bulls,"[1, 7]"
Louisville Bats,Gwinnett Stripers,"[2, 7]"
Buffalo Bisons,Omaha Storm Chasers,"[7, 0]"
Lehigh Valley IronPigs,Rochester Red Wings,"[3, 12]"
Nashville Sounds,Jacksonville Jumbo Shrimp,"[2, 1]"
Memphis Redbirds,Charlotte Knights,"[3, 8]"
St. Paul,Scranton/WB,"[8, 7]"
Syracuse Mets,Durham Bulls,"[9, 6]"
Norfolk Tides,Worcester,"[4, 8]"
Toledo Mud Hens,Iowa Cubs,"[3, 5]"
Lehigh Valley IronPigs,Rochester Red Wings,"[6, 2]"
Columbus Clippers,Indianapolis Indians,"[2, 6]"
Buffalo Bisons,Omaha Storm Chasers,"[2, 5]"
Louisville Bats,Gwinnett Stripers,"[7, 8]"
Nashville Sounds,Jacksonville Jumbo Shrimp,"[4, 1]"
Memphis Redbirds,Charlotte Knights,"[4, 1]"
St. Paul,Scranton/WB,"[14, 6]"
Syracuse Mets,Durham Bulls,"[1, 0]"
Norfolk Tides,Worcester,"[6, 3]"
Lehigh Valley IronPigs,Rochester Red Wings,"[2, 1]"
Buffalo Bisons,Omaha Storm Chasers,"[4, 2]"
Toledo Mud Hens,Iowa Cubs,"[5, 3]"
Columbus Clippers,Indianapolis Indians,"[6, 3]"
Louisville Bats,Gwinnett Stripers,"[4, 5]"
Nashville Sounds,Jacksonville Jumbo Shrimp,"[1, 10]"
Memphis Redbirds,Charlotte Knights,"[1, 10]"
St. Paul,Scranton/WB,"[3, 6]"
Syracuse Mets,Durham Bulls,"[6, 10]"
Louisville Bats,Gwinnett Stripers,"[3, 11]"
Columbus Clippers,Indianapolis Indians,"[5, 2]"
Buffalo Bisons,Omaha Storm Chasers,"[6, 7]"
Lehigh Valley IronPigs,Rochester Red Wings,"[13, 2]"
Toledo Mud Hens,Iowa Cubs,"[2, 4]"
Memphis Redbirds,Charlotte Knights,"[3, 8]"
St. Paul,Scranton/WB,"[2, 5]"
Norfolk Tides,Worcester,"[0, 13]"
Nashville Sounds,Jacksonville Jumbo Shrimp,"[10, 0]"
Scranton/WB,Rochester Red Wings,"[9, 7]"
Durham Bulls,Buffalo Bisons,"[7, 6]"
Charlotte Knights,Nashville Sounds,"[16, 7]"
Worcester,Toledo Mud Hens,"[12, 2]"
Lehigh Valley IronPigs,Syracuse Mets,"[6, 4]"
Gwinnett Stripers,Columbus Clippers,"[10, 11]"
Indianapolis Indians,Louisville Bats,"[4, 3]"
Jacksonville Jumbo Shrimp,Norfolk Tides,"[3, 4]"
Omaha Storm Chasers,St. Paul,"[2, 8]"
Iowa Cubs,Memphis Redbirds,"[4, 3]"
Iowa Cubs,Memphis Redbirds,"[4, 2]"
Indianapolis Indians,Louisville Bats,"[2, 1]"
Scranton/WB,Rochester Red Wings,"[5, 1]"
Durham Bulls,Buffalo Bisons,"[14, 8]"
Charlotte Knights,Nashville Sounds,"[2, 12]"
Lehigh Valley IronPigs,Syracuse Mets,"[2, 3]"
Worcester,Toledo Mud Hens,"[5, 4]"
Jacksonville Jumbo Shrimp,Norfolk Tides,"[2, 1]"
Gwinnett Stripers,Columbus Clippers,"[6, 7]"
Omaha Storm Chasers,St. Paul,"[2, 3]"
Louisville Bats,Indianapolis Indians,"[1, 2]"
Durham Bulls,Buffalo Bisons,"[6, 3]"
Lehigh Valley IronPigs,Syracuse Mets,"[6, 13]"
Worcester,Toledo Mud Hens,"[2, 4]"
Charlotte Knights,Nashville Sounds,"[1, 5]"
Jacksonville Jumbo Shrimp,Norfolk Tides,"[7, 12]"
Indianapolis Indians,Louisville Bats,"[10, 6]"
Gwinnett Stripers,Columbus Clippers,"[4, 5]"
Iowa Cubs,Memphis Redbirds,"[2, 18]"
Scranton/WB,Rochester Red Wings,"[2, 6]"
Omaha Storm Chasers,St. Paul,"[6, 5]"
Durham Bulls,Buffalo Bisons,"[7, 0]"
Worcester,Toledo Mud Hens,"[1, 2]"
Lehigh Valley IronPigs,Syracuse Mets,"[5, 1]"
Scranton/WB,Rochester Red Wings,"[1, 4]"
Jacksonville Jumbo Shrimp,Norfolk Tides,"[0, 5]"
Gwinnett Stripers,Columbus Clippers,"[2, 1]"
Omaha Storm Chasers,St. Paul,"[3, 8]"
Iowa Cubs,Memphis Redbirds,"[6, 2]"
Scranton/WB,Rochester Red Wings,"[12, 7]"
Worcester,Toledo Mud Hens,"[0, 6]"
Charlotte Knights,Nashville Sounds,"[5, 3]"
Indianapolis Indians,Louisville Bats,"[9, 8]"
Charlotte Knights,Nashville Sounds,"[7, 8]"
Gwinnett Stripers,Columbus Clippers,"[4, 6]"
Jacksonville Jumbo Shrimp,Norfolk Tides,"[3, 1]"
Lehigh Valley IronPigs,Syracuse Mets,"[8, 4]"
Durham Bulls,Buffalo Bisons,"[9, 5]"
Omaha Storm Chasers,St. Paul,"[9, 1]"
Indianapolis Indians,Louisville Bats,"[0, 6]"
Iowa Cubs,Memphis Redbirds,"[8, 10]"
Worcester,Toledo Mud Hens,"[11, 6]"
Scranton/WB,Rochester Red Wings,"[4, 5]"
Gwinnett Stripers,Columbus Clippers,"[1, 0]"
Durham Bulls,Buffalo Bisons,"[0, 9]"
Indianapolis Indians,Louisville Bats,"[10, 9]"
Iowa Cubs,Memphis Redbirds,"[7, 6]"
Omaha Storm Chasers,St. Paul,"[3, 4]"
Lehigh Valley IronPigs,Syracuse Mets,"[0, 1]"
Jacksonville Jumbo Shrimp,Norfolk Tides,"[2, 1]"
Rochester Red Wings,Worcester,"[1, 3]"
Toledo Mud Hens,Indianapolis Indians,"[1, 12]"
St. Paul,Iowa Cubs,"[8, 11]"
Columbus Clippers,Durham Bulls,"[1, 5]"
Buffalo Bisons,Lehigh Valley IronPigs,"[12, 0]"
Columbus Clippers,Durham Bulls,"[1, 5]"
Syracuse Mets,Scranton/WB,"[1, 4]"
Norfolk Tides,Charlotte Knights,"[2, 4]"
Louisville Bats,Jacksonville Jumbo Shrimp,"[3, 4]"
Nashville Sounds,Gwinnett Stripers,"[13, 4]"
Memphis Redbirds,Omaha Storm Chasers,"[3, 13]"
Rochester Red Wings,Worcester,"[0, 7]"
Buffalo Bisons,Lehigh Valley IronPigs,"[4, 5]"
Toledo Mud Hens,Indianapolis Indians,"[6, 9]"
Syracuse Mets,Scranton/WB,"[8, 10]"
Norfolk Tides,Charlotte Knights,"[3, 4]"
Louisville Bats,Jacksonville Jumbo Shrimp,"[10, 2]"
Nashville Sounds,Gwinnett Stripers,"[12, 3]"
St. Paul,Iowa Cubs,"[2, 1]"
Norfolk Tides,Charlotte Knights,"[3, 5]"
Rochester Red Wings,Worcester,"[10, 13]"
Buffalo Bisons,Lehigh Valley IronPigs,"[8, 0]"
Memphis Redbirds,Omaha Storm Chasers,"[3, 1]"
Toledo Mud Hens,Indianapolis Indians,"[3, 2]"
Syracuse Mets,Scranton/WB,"[5, 11]"
Louisville Bats,Jacksonville Jumbo Shrimp,"[6, 5]"
Columbus Clippers,Durham Bulls,"[3, 2]"
Nashville Sounds,Gwinnett Stripers,"[2, 9]"
St. Paul,Iowa Cubs,"[7, 6]"
Memphis Redbirds,Omaha Storm Chasers,"[5, 1]"
Rochester Red Wings,Worcester,"[3, 2]"
Syracuse Mets,Scranton/WB,"[11, 8]"
Norfolk Tides,Charlotte Knights,"[8, 6]"
Toledo Mud Hens,Indianapolis Indians,"[13, 9]"
Columbus Clippers,Durham Bulls,"[10, 7]"
Louisville Bats,Jacksonville Jumbo Shrimp,"[4, 3]"
Nashville Sounds,Gwinnett Stripers,"[1, 7]"
St. Paul,Iowa Cubs,"[4, 8]"
Memphis Redbirds,Omaha Storm Chasers,"[8, 3]"
Columbus Clippers,Durham Bulls,"[9, 3]"
Buffalo Bisons,Lehigh Valley IronPigs,"[5, 4]"
Rochester Red Wings,Worcester,"[2, 12]"
Syracuse Mets,Scranton/WB,"[0, 19]"
Norfolk Tides,Charlotte Knights,"[8, 4]"
Toledo Mud Hens,Indianapolis Indians,"[4, 9]"
Memphis Redbirds,Omaha Storm Chasers,"[5, 4]"
Louisville Bats,Jacksonville Jumbo Shrimp,"[4, 3]"
Nashville Sounds,Gwinnett Stripers,"[6, 2]"
St. Paul,Iowa Cubs,"[8, 6]"
Buffalo Bisons,Lehigh Valley IronPigs,"[9, 3]"
Norfolk Tides,Charlotte Knights,"[7, 9]"
Syracuse Mets,Scranton/WB,"[7, 8]"
Rochester Red Wings,Worcester,"[7, 9]"
Louisville Bats,Jacksonville Jumbo Shrimp,"[8, 9]"
Columbus Clippers,Durham Bulls,"[5, 15]"
Toledo Mud Hens,Indianapolis Indians,"[7, 9]"
Memphis Redbirds,Omaha Storm Chasers,"[2, 3]"
Nashville Sounds,Gwinnett Stripers,"[1, 0]"
St. Paul,Iowa Cubs,"[9, 3]"
Omaha Storm Chasers,Toledo Mud Hens,"[1, 8]"
Syracuse Mets,Worcester,"[4, 11]"
Worcester,Syracuse Mets,"[8, 4]"
Columbus Clippers,St. Paul,"[4, 7]"
Scranton/WB,Lehigh Valley IronPigs,"[3, 5]"
Indianapolis Indians,Rochester Red Wings,"[13, 3]"
Durham Bulls,Norfolk Tides,"[8, 1]"
Charlotte Knights,Jacksonville Jumbo Shrimp,"[6, 2]"
Gwinnett Stripers,Buffalo Bisons,"[13, 2]"
Nashville Sounds,Memphis Redbirds,"[3, 5]"
Iowa Cubs,Louisville Bats,"[10, 11]"
Gwinnett Stripers,Buffalo Bisons,"[3, 6]"
Durham Bulls,Norfolk Tides,"[5, 0]"
Iowa Cubs,Louisville Bats,"[5, 3]"
Indianapolis Indians,Rochester Red Wings,"[6, 4]"
Scranton/WB,Lehigh Valley IronPigs,"[1, 3]"
Charlotte Knights,Jacksonville Jumbo Shrimp,"[1, 3]"
Worcester,Syracuse Mets,"[7, 0]"
Columbus Clippers,St. Paul,"[7, 6]"
Omaha Storm Chasers,Toledo Mud Hens,"[2, 9]"
Nashville Sounds,Memphis Redbirds,"[3, 6]"
Lehigh Valley IronPigs,Scranton/WB,"[2, 4]"
Charlotte Knights,Jacksonville Jumbo Shrimp,"[3, 4]"
Worcester,Syracuse Mets,"[8, 1]"
Columbus Clippers,St. Paul,"[8, 7]"
Scranton/WB,Lehigh Valley IronPigs,"[3, 1]"
Durham Bulls,Norfolk Tides,"[1, 2]"
Indianapolis Indians,Rochester Red Wings,"[6, 2]"
Charlotte Knights,Jacksonville Jumbo Shrimp,"[9, 4]"
Gwinnett Stripers,Buffalo Bisons,"[2, 3]"
Omaha Storm Chasers,Toledo Mud Hens,"[7, 1]"
Iowa Cubs,Louisville Bats,"[5, 4]"
Worcester,Syracuse Mets,"[0, 11]"
Scranton/WB,Lehigh Valley IronPigs,"[6, 5]"
Durham Bulls,Norfolk Tides,"[2, 3]"
Charlotte Knights,Jacksonville Jumbo Shrimp,"[5, 8]"
Indianapolis Indians,Rochester Red Wings,"[6, 3]"
Gwinnett Stripers,Buffalo Bisons,"[1, 3]"
Columbus Clippers,St. Paul,"[11, 1]"
Nashville Sounds,Memphis Redbirds,"[5, 4]"
Omaha Storm Chasers,Toledo Mud Hens,"[4, 2]"
Iowa Cubs,Louisville Bats,"[6, 4]"
Charlotte Knights,Jacksonville Jumbo Shrimp,"[10, 0]"
Worcester,Syracuse Mets,"[3, 19]"
Scranton/WB,Lehigh Valley IronPigs,"[10, 1]"
Charlotte Knights,Jacksonville Jumbo Shrimp,"[0, 2]"
Gwinnett Stripers,Buffalo Bisons,"[1, 4]"
Indianapolis Indians,Rochester Red Wings,"[6, 8]"
Durham Bulls,Norfolk Tides,"[1, 2]"
Omaha Storm Chasers,Toledo Mud Hens,"[6, 5]"
Columbus Clippers,St. Paul,"[8, 3]"
Iowa Cubs,Louisville Bats,"[7, 2]"
Worcester,Syracuse Mets,"[4, 3]"
Scranton/WB,Lehigh Valley IronPigs,"[5, 4]"
Gwinnett Stripers,Buffalo Bisons,"[6, 2]"
Durham Bulls,Norfolk Tides,"[2, 4]"
Columbus Clippers,St. Paul,"[5, 2]"
Indianapolis Indians,Rochester Red Wings,"[3, 6]"
Iowa Cubs,Louisville Bats,"[10, 17]"
Omaha Storm Chasers,Toledo Mud Hens,"[7, 1]"
Nashville Sounds,Memphis Redbirds,"[2, 1]"
Buffalo Bisons,Scranton/WB,"[5, 10]"
Rochester Red Wings,Iowa Cubs,"[0, 3]"
Louisville Bats,Omaha Storm Chasers,"[1, 7]"
Syracuse Mets,Charlotte Knights,"[15, 7]"
Toledo Mud Hens,Columbus Clippers,"[4, 1]"
Lehigh Valley IronPigs,Worcester,"[9, 14]"
Jacksonville Jumbo Shrimp,Gwinnett Stripers,"[3, 4]"
St. Paul,Indianapolis Indians,"[4, 2]"
Memphis Redbirds,Durham Bulls,"[1, 3]"
Louisville Bats,Omaha Storm Chasers,"[5, 15]"
Toledo Mud Hens,Columbus Clippers,"[0, 3]"
Memphis Redbirds,Durham Bulls,"[5, 4]"
Norfolk Tides,Nashville Sounds,"[2, 1]"
Buffalo Bisons,Scranton/WB,"[7, 6]"
Rochester Red Wings,Iowa Cubs,"[4, 3]"
Syracuse Mets,Charlotte Knights,"[8, 9]"
Lehigh Valley IronPigs,Worcester,"[4, 3]"
Jacksonville Jumbo Shrimp,Gwinnett Stripers,"[7, 3]"
Norfolk Tides,Nashville Sounds,"[8, 7]"
St. Paul,Indianapolis Indians,"[2, 10]"
Norfolk Tides,Nashville Sounds,"[8, 4]"
Buffalo Bisons,Scranton/WB,"[1, 4]"
Rochester Red Wings,Iowa Cubs,"[4, 3]"
Louisville Bats,Omaha Storm Chasers,"[12, 4]"
Syracuse Mets,Charlotte Knights,"[3, 7]"
Toledo Mud Hens,Columbus Clippers,"[0, 2]"
Lehigh Valley IronPigs,Worcester,"[6, 3]"
Jacksonville Jumbo Shrimp,Gwinnett Stripers,"[4, 9]"
St. Paul,Indianapolis Indians,"[8, 3]"
Memphis Redbirds,Durham Bulls,"[0, 4]"
Buffalo Bisons,Scranton/WB,"[1, 5]"
Rochester Red Wings,Iowa Cubs,"[2, 1]"
Norfolk Tides,Nashville Sounds,"[3, 5]"
Syracuse Mets,Charlotte Knights,"[12, 5]"
Jacksonville Jumbo Shrimp,Gwinnett Stripers,"[3, 2]"
Lehigh Valley IronPigs,Worcester,"[1, 4]"
Toledo Mud Hens,Columbus Clippers,"[10, 4]"
Louisville Bats,Omaha Storm Chasers,"[6, 4]"
St. Paul,Indianapolis Indians,"[6, 8]"
Memphis Redbirds,Durham Bulls,"[8, 5]"
Buffalo Bisons,Scranton/WB,"[5, 8]"
Memphis Redbirds,Durham Bulls,"[8, 0]"
Toledo Mud Hens,Columbus Clippers,"[3, 14]"
Rochester Red Wings,Iowa Cubs,"[0, 4]"
St. Paul,Indianapolis Indians,"[7, 8]"
Jacksonville Jumbo Shrimp,Gwinnett Stripers,"[5, 3]"
Lehigh Valley IronPigs,Worcester,"[3, 4]"
Norfolk Tides,Nashville Sounds,"[1, 6]"
Syracuse Mets,Charlotte Knights,"[10, 3]"
Louisville Bats,Omaha Storm Chasers,"[7, 10]"
Rochester Red Wings,Iowa Cubs,"[2, 3]"
Syracuse Mets,Charlotte Knights,"[5, 4]"
Buffalo Bisons,Scranton/WB,"[4, 8]"
Norfolk Tides,Nashville Sounds,"[3, 12]"
Louisville Bats,Omaha Storm Chasers,"[6, 0]"
Lehigh Valley IronPigs,Worcester,"[7, 4]"
St. Paul,Indianapolis Indians,"[4, 9]"
Jacksonville Jumbo Shrimp,Gwinnett Stripers,"[5, 1]"
Memphis Redbirds,Durham Bulls,"[8, 6]"
Toledo Mud Hens,Columbus Clippers,"[5, 2]"
Omaha Storm Chasers,Columbus Clippers,"[2, 3]"
Omaha Storm Chasers,Columbus Clippers,"[5, 4]"
Omaha Storm Chasers,Columbus Clippers,"[7, 3]"
